call_date,consumer,endpoint,calls,ok_calls,error_calls,instability_errors,retry_calls,p50_ms,max_ms,total_rows,first_call_at,last_call_at
2026-06-04,mega-loja,/documents,291,291,0,0,0,2378.0,12745,39213,2026-06-04T06:00:12.341768Z,2026-06-04T06:01:49.652317Z
2026-06-04,mega-loja,/partners/customers,1,1,0,0,0,8084.0,8084,33463,2026-06-04T06:00:01.983775Z,2026-06-04T06:00:01.983775Z
2026-06-04,mega-loja,/products,2,2,0,0,0,7511.0,8765,42676,2026-06-04T05:43:06.465098Z,2026-06-04T06:01:51.850514Z
2026-06-05,mega-loja,/documents,156,156,0,0,0,2708.5,9887,39256,2026-06-05T06:00:15.842171Z,2026-06-05T06:01:14.192810Z
2026-06-05,mega-loja,/partners/customers,1,1,0,0,0,9203.0,9203,33464,2026-06-05T06:00:03.168174Z,2026-06-05T06:00:03.168174Z
2026-06-05,mega-loja,/products,1,1,0,0,0,5450.0,5450,21338,2026-06-05T06:01:16.421352Z,2026-06-05T06:01:16.421352Z
2026-06-05,mega-loja,/products/{code}?warehouse=1,17906,17761,145,145,0,596.0,2456,,2026-06-05T08:18:07.934847Z,2026-06-05T08:46:28.343104Z
2026-06-05,mega-loja,/products/{code}?warehouse=10,17906,11840,6066,6066,0,595.0,2089,,2026-06-05T08:18:07.937046Z,2026-06-05T08:46:28.391896Z
2026-06-06,mega-loja,/documents,298,298,0,0,0,2570.5,12597,39693,2026-06-06T06:00:16.278929Z,2026-06-06T06:02:01.528482Z
2026-06-06,mega-loja,/partners/customers,1,1,0,0,0,10037.0,10037,33469,2026-06-06T06:00:02.593214Z,2026-06-06T06:00:02.593214Z
2026-06-06,mega-loja,/products,1,1,0,0,0,6235.0,6235,21354,2026-06-06T06:02:04.930524Z,2026-06-06T06:02:04.930524Z
2026-06-06,mega-loja,/products/{code}?warehouse=1,18066,2213,15853,15853,230,334.0,30378,,2026-06-06T06:02:11.746879Z,2026-06-06T06:32:56.173769Z
2026-06-06,mega-loja,/products/{code}?warehouse=10,18048,1227,16821,16821,212,334.0,30376,,2026-06-06T06:02:11.747725Z,2026-06-06T06:32:57.526409Z
2026-06-07,mega-loja,/partners/customers,1,0,1,1,0,180697.0,180697,,2026-06-07T06:00:03.126623Z,2026-06-07T06:00:03.126623Z
2026-06-07,mega-loja,/products,3,0,3,3,2,120368.0,120383,,2026-06-07T06:03:04.078451Z,2026-06-07T06:07:10.866372Z
2026-06-07,mega-loja,/products/{code}?warehouse=1,2874,0,2874,2874,1916,30265.0,31074,,2026-06-07T06:09:11.693113Z,2026-06-07T09:28:54.570969Z
2026-06-07,mega-loja,/products/{code}?warehouse=10,2871,0,2871,2871,1914,30265.0,31090,,2026-06-07T06:09:11.694145Z,2026-06-07T09:28:54.635992Z
2026-06-08,mega-loja,/documents,406,406,0,0,0,2875.5,12877,40226,2026-06-08T01:00:15.468598Z,2026-06-08T01:02:43.681768Z
2026-06-08,mega-loja,/partners/customers,1,1,0,0,0,10374.0,10374,33475,2026-06-08T01:00:01.964877Z,2026-06-08T01:00:01.964877Z
2026-06-08,mega-loja,/products,1,1,0,0,0,6768.0,6768,21361,2026-06-08T01:02:45.894516Z,2026-06-08T01:02:45.894516Z
2026-06-08,mega-loja,/products/{code}?warehouse=1,17836,17688,148,148,0,588.0,1466,,2026-06-08T01:02:53.230595Z,2026-06-08T01:28:19.599510Z
2026-06-08,mega-loja,/products/{code}?warehouse=10,17836,11840,5996,5996,0,588.0,1897,,2026-06-08T01:02:53.231972Z,2026-06-08T01:28:19.625756Z
2026-06-09,mega-loja,/documents,295,295,0,0,0,2911.0,26187,40453,2026-06-09T01:00:16.274478Z,2026-06-09T01:02:03.520791Z
2026-06-09,mega-loja,/partners/customers,1,1,0,0,0,10173.0,10173,33477,2026-06-09T01:00:02.873985Z,2026-06-09T01:00:02.873985Z
2026-06-09,mega-loja,/products,1,1,0,0,0,6614.0,6614,21363,2026-06-09T01:02:06.642834Z,2026-06-09T01:02:06.642834Z
2026-06-09,mega-loja,/products/{code}?warehouse=1,17835,17686,149,149,1,577.0,30031,,2026-06-09T01:02:13.877080Z,2026-06-09T01:28:42.917085Z
2026-06-09,mega-loja,/products/{code}?warehouse=10,17834,11843,5991,5991,1,577.0,30332,,2026-06-09T01:02:13.877921Z,2026-06-09T01:28:42.919843Z
2026-06-10,mega-loja,/documents,301,301,0,0,0,2681.0,14970,40761,2026-06-10T01:00:15.218602Z,2026-06-10T01:02:18.206345Z
2026-06-10,mega-loja,/partners/customers,1,1,0,0,0,9854.0,9854,33484,2026-06-10T01:00:02.069876Z,2026-06-10T01:00:02.069876Z
2026-06-10,mega-loja,/products,1,1,0,0,0,8214.0,8214,21374,2026-06-10T01:02:21.679929Z,2026-06-10T01:02:21.679929Z
2026-06-10,mega-loja,/products/{code}?warehouse=1,17836,17688,148,148,0,591.0,1755,,2026-06-10T01:02:30.458447Z,2026-06-10T01:28:44.667988Z
2026-06-10,mega-loja,/products/{code}?warehouse=10,17836,11846,5990,5990,0,591.0,1355,,2026-06-10T01:02:30.459317Z,2026-06-10T01:28:44.668781Z
2026-06-11,mega-loja,/documents,125,125,0,0,0,2853.0,10539,40758,2026-06-11T01:00:19.498735Z,2026-06-11T01:01:17.041257Z
2026-06-11,mega-loja,/partners/customers,1,1,0,0,0,13017.0,13017,33485,2026-06-11T01:00:02.909434Z,2026-06-11T01:00:02.909434Z
2026-06-11,mega-loja,/products,1,1,0,0,0,7722.0,7722,21374,2026-06-11T01:01:19.713389Z,2026-06-11T01:01:19.713389Z
2026-06-11,mega-loja,/products/{code}?warehouse=1,17836,17688,148,148,0,587.0,1730,,2026-06-11T01:01:28.427518Z,2026-06-11T01:26:20.805907Z
2026-06-11,mega-loja,/products/{code}?warehouse=10,17836,11846,5990,5990,0,587.0,1739,,2026-06-11T01:01:28.428817Z,2026-06-11T01:26:20.844131Z
2026-06-12,mega-loja,/documents,265,265,0,0,0,2641.0,9131,41152,2026-06-12T01:00:16.769890Z,2026-06-12T01:01:48.169270Z
2026-06-12,mega-loja,/partners/customers,1,1,0,0,0,10058.0,10058,33496,2026-06-12T01:00:03.186187Z,2026-06-12T01:00:03.186187Z
2026-06-12,mega-loja,/products,1,1,0,0,0,5786.0,5786,21381,2026-06-12T01:01:51.144537Z,2026-06-12T01:01:51.144537Z
2026-06-12,mega-loja,/products/{code}?warehouse=1,17836,17687,149,149,0,590.0,1869,,2026-06-12T01:01:57.680594Z,2026-06-12T01:27:45.493964Z
2026-06-12,mega-loja,/products/{code}?warehouse=10,17836,11846,5990,5990,0,590.0,1825,,2026-06-12T01:01:57.681456Z,2026-06-12T01:27:45.501754Z
2026-06-13,mega-loja,/documents,1,1,0,0,0,34615.0,34615,41168,2026-06-13T01:00:15.657442Z,2026-06-13T01:00:15.657442Z
2026-06-13,mega-loja,/partners/customers,1,1,0,0,0,10063.0,10063,33501,2026-06-13T01:00:02.323156Z,2026-06-13T01:00:02.323156Z
2026-06-13,mega-loja,/products,1,1,0,0,0,25439.0,25439,21383,2026-06-13T01:00:52.527193Z,2026-06-13T01:00:52.527193Z
2026-06-13,mega-loja,/products/{code}?warehouse=1,114,0,114,0,76,331.0,801,,2026-06-13T01:01:18.353966Z,2026-06-13T01:01:38.648463Z
2026-06-13,mega-loja,/products/{code}?warehouse=10,111,0,111,0,74,331.0,838,,2026-06-13T01:01:18.354790Z,2026-06-13T01:01:38.596456Z
2026-06-14,mega-loja,/documents,3,3,0,0,0,36784.0,40005,124712,2026-06-14T01:00:16.638012Z,2026-06-14T19:36:14.734797Z
2026-06-14,mega-loja,/partners/customers,1,1,0,0,0,11436.0,11436,33502,2026-06-14T01:00:02.241201Z,2026-06-14T01:00:02.241201Z
2026-06-14,mega-loja,/products,1,1,0,0,0,24234.0,24234,21389,2026-06-14T01:00:57.118617Z,2026-06-14T01:00:57.118617Z
2026-06-14,mega-loja,/products?code={code}&warehouse=1,38,38,0,0,0,856.0,1335,,2026-06-14T15:39:22.340431Z,2026-06-14T15:39:38.533484Z
2026-06-14,mega-loja,/products/{code}?warehouse=1,114,0,114,0,76,330.0,826,,2026-06-14T01:01:21.605419Z,2026-06-14T01:01:41.864589Z
2026-06-14,mega-loja,/products/{code}?warehouse=10,111,0,111,0,74,330.0,804,,2026-06-14T01:01:21.606293Z,2026-06-14T01:01:41.883389Z
2026-06-15,mega-loja,/documents,794,623,171,171,114,10200.0,35870,42422,2026-06-15T01:00:15.357227Z,2026-06-15T01:30:00.031000Z
2026-06-15,mega-loja,/partners/customers,1,1,0,0,0,9276.0,9276,33505,2026-06-15T01:00:02.843621Z,2026-06-15T01:00:02.843621Z
2026-06-15,mega-loja,/products,1,1,0,0,0,24394.0,24394,21389,2026-06-15T01:12:47.686431Z,2026-06-15T01:12:47.686431Z
2026-06-15,mega-loja,/products?code={code}&warehouse=1,17836,17687,149,149,0,586.0,1569,,2026-06-15T01:13:12.340294Z,2026-06-15T01:38:01.010995Z
2026-06-15,mega-loja,/products?code={code}&warehouse=10,17836,11852,5984,5984,0,585.0,1592,,2026-06-15T01:13:12.341362Z,2026-06-15T01:38:01.038504Z
2026-06-16,mega-loja,/documents,1772,1454,318,318,212,11995.0,36846,43783,2026-06-16T01:00:15.762068Z,2026-06-16T23:55:49.659039Z
2026-06-16,mega-loja,/partners/customers,1,1,0,0,0,10436.0,10436,33507,2026-06-16T01:00:02.083826Z,2026-06-16T01:00:02.083826Z
2026-06-16,mega-loja,/products,1,1,0,0,0,25597.0,25597,21406,2026-06-16T01:08:00.199097Z,2026-06-16T01:08:00.199097Z
2026-06-16,mega-loja,/products?code={code}&warehouse=1,17836,17687,149,149,0,593.0,1819,,2026-06-16T01:08:26.064580Z,2026-06-16T01:35:00.970955Z
2026-06-16,mega-loja,/products?code={code}&warehouse=10,17836,11857,5979,5979,0,593.0,1806,,2026-06-16T01:08:26.065485Z,2026-06-16T01:35:00.979570Z
2026-06-17,mega-loja,/documents,18483,18441,42,42,28,13000.0,39598,61135,2026-06-17T01:00:17.032456Z,2026-06-17T19:10:52.912017Z
2026-06-17,mega-loja,/partners/customers,1,1,0,0,0,11515.0,11515,33510,2026-06-17T01:00:02.348162Z,2026-06-17T01:00:02.348162Z
2026-06-17,mega-loja,/products,1,1,0,0,0,25344.0,25344,21411,2026-06-17T01:08:14.587391Z,2026-06-17T01:08:14.587391Z
2026-06-17,mega-loja,/products?code={code}&warehouse=1,17836,17687,149,149,0,589.0,1700,,2026-06-17T01:08:40.199157Z,2026-06-17T01:34:41.065043Z
2026-06-17,mega-loja,/products?code={code}&warehouse=10,17836,11857,5979,5979,0,589.0,1691,,2026-06-17T01:08:40.200001Z,2026-06-17T01:34:41.117707Z
2026-06-18,mega-loja,/documents,257,257,0,0,0,10819.0,39731,43083,2026-06-18T01:00:16.292880Z,2026-06-18T01:30:00.046000Z
2026-06-18,mega-loja,/partners/customers,1,1,0,0,0,11238.0,11238,33515,2026-06-18T01:00:01.750597Z,2026-06-18T01:00:01.750597Z
2026-06-18,mega-loja,/products,1,1,0,0,0,24132.0,24132,21414,2026-06-18T01:05:39.545350Z,2026-06-18T01:05:39.545350Z
2026-06-18,mega-loja,/products?code={code}&warehouse=1,17836,17686,150,150,0,593.0,1819,,2026-06-18T01:06:03.982554Z,2026-06-18T01:32:23.723087Z
2026-06-18,mega-loja,/products?code={code}&warehouse=10,17836,11861,5975,5975,0,593.0,1806,,2026-06-18T01:06:03.983485Z,2026-06-18T01:32:23.735743Z
2026-06-19,mega-loja,/documents,235,235,0,0,0,11619.0,38244,43282,2026-06-19T01:00:15.524320Z,2026-06-19T01:30:00.049000Z
2026-06-19,mega-loja,/partners/customers,1,1,0,0,0,10396.0,10396,33519,2026-06-19T01:00:02.365191Z,2026-06-19T01:00:02.365191Z
2026-06-19,mega-loja,/products,1,1,0,0,0,24416.0,24416,21409,2026-06-19T01:05:34.650629Z,2026-06-19T01:05:34.650629Z
2026-06-19,mega-loja,/products?code={code}&warehouse=1,17836,17685,151,151,0,591.0,1650,,2026-06-19T01:05:59.341913Z,2026-06-19T01:32:28.417219Z
2026-06-19,mega-loja,/products?code={code}&warehouse=10,17836,11866,5970,5970,0,591.0,1662,,2026-06-19T01:05:59.342774Z,2026-06-19T01:32:28.424385Z
2026-06-20,mega-loja,/documents,266,266,0,0,0,13205.0,37500,43684,2026-06-20T01:00:16.355378Z,2026-06-20T01:30:00.044000Z
2026-06-20,mega-loja,/partners/customers,1,1,0,0,0,10711.0,10711,33519,2026-06-20T01:00:02.573049Z,2026-06-20T01:00:02.573049Z
2026-06-20,mega-loja,/products,1,1,0,0,0,24169.0,24169,21420,2026-06-20T01:06:46.394353Z,2026-06-20T01:06:46.394353Z
2026-06-20,mega-loja,/products?code={code}&warehouse=1,17836,17685,151,151,0,589.0,1770,,2026-06-20T01:07:10.866942Z,2026-06-20T01:33:28.451504Z
2026-06-20,mega-loja,/products?code={code}&warehouse=10,17836,11867,5969,5969,0,589.0,1771,,2026-06-20T01:07:10.867792Z,2026-06-20T01:33:28.486296Z
2026-06-21,mega-loja,/documents,313,313,0,0,0,13230.0,48087,44081,2026-06-21T01:00:16.373660Z,2026-06-21T01:30:00.029000Z
2026-06-21,mega-loja,/partners/customers,1,1,0,0,0,11859.0,11859,33520,2026-06-21T01:00:02.154746Z,2026-06-21T01:00:02.154746Z
2026-06-21,mega-loja,/products,1,1,0,0,0,25913.0,25913,21420,2026-06-21T01:08:13.522350Z,2026-06-21T01:08:13.522350Z
2026-06-21,mega-loja,/products?code={code}&warehouse=1,17836,17685,151,151,0,585.0,1601,,2026-06-21T01:08:39.698519Z,2026-06-21T01:33:38.963106Z
2026-06-21,mega-loja,/products?code={code}&warehouse=10,17836,11867,5969,5969,0,584.0,1748,,2026-06-21T01:08:39.699380Z,2026-06-21T01:33:38.966923Z
2026-06-22,mega-loja,/documents,136,136,0,0,0,11560.0,38919,43846,2026-06-22T01:00:14.092515Z,2026-06-22T01:30:00.041000Z
2026-06-22,mega-loja,/partners/customers,1,1,0,0,0,9368.0,9368,33522,2026-06-22T01:00:01.965769Z,2026-06-22T01:00:01.965769Z
2026-06-22,mega-loja,/products,1,1,0,0,0,26045.0,26045,21420,2026-06-22T01:03:36.292497Z,2026-06-22T01:03:36.292497Z
2026-06-22,mega-loja,/products?code={code}&warehouse=1,17833,17681,152,152,1,586.0,30257,,2026-06-22T01:04:02.758830Z,2026-06-22T01:29:35.507993Z
2026-06-22,mega-loja,/products?code={code}&warehouse=10,17833,11866,5967,5967,0,585.0,2464,,2026-06-22T01:04:02.759730Z,2026-06-22T01:29:35.531681Z
2026-06-23,mega-loja,/documents,340,340,0,0,0,14066.5,40319,44679,2026-06-23T01:00:15.469139Z,2026-06-23T01:30:00.036000Z
2026-06-23,mega-loja,/partners/customers,1,1,0,0,0,10115.0,10115,33525,2026-06-23T01:00:01.896364Z,2026-06-23T01:00:01.896364Z
2026-06-23,mega-loja,/products,1,1,0,0,0,25978.0,25978,21479,2026-06-23T01:08:54.106103Z,2026-06-23T01:08:54.106103Z
2026-06-23,mega-loja,/products?code={code}&warehouse=1,17836,17683,153,153,0,586.0,1700,,2026-06-23T01:09:20.355285Z,2026-06-23T01:34:40.160966Z
2026-06-23,mega-loja,/products?code={code}&warehouse=10,17836,11867,5969,5969,0,585.0,1677,,2026-06-23T01:09:20.356183Z,2026-06-23T01:34:40.181139Z
2026-06-24,mega-loja,/documents,233,232,1,1,0,14992.0,40270,44463,2026-06-24T01:00:13.959065Z,2026-06-24T01:30:00.038000Z
2026-06-24,mega-loja,/partners/customers,1,1,0,0,0,9775.0,9775,33527,2026-06-24T01:00:01.983433Z,2026-06-24T01:00:01.983433Z
2026-06-24,mega-loja,/products,1,1,0,0,0,25323.0,25323,21490,2026-06-24T01:06:49.060127Z,2026-06-24T01:06:49.060127Z
2026-06-24,mega-loja,/products?code={code}&warehouse=1,18105,1532,16573,16573,269,330.0,30319,,2026-06-24T01:07:14.636919Z,2026-06-24T01:40:28.528489Z
2026-06-24,mega-loja,/products?code={code}&warehouse=10,18091,800,17291,17291,255,330.0,30338,,2026-06-24T01:07:14.637850Z,2026-06-24T01:40:30.010697Z
2026-06-25,mega-loja,/documents,64,64,0,0,0,11875.5,49635,44423,2026-06-25T01:00:15.891235Z,2026-06-25T01:30:00.029000Z
2026-06-25,mega-loja,/partners/customers,1,1,0,0,0,12180.0,12180,33528,2026-06-25T01:00:01.845488Z,2026-06-25T01:00:01.845488Z
2026-06-25,mega-loja,/products,1,1,0,0,0,23224.0,23224,21492,2026-06-25T01:02:38.440575Z,2026-06-25T01:02:38.440575Z
2026-06-25,mega-loja,/products?code={code}&warehouse=1,17836,17681,155,155,0,585.0,1825,,2026-06-25T01:03:02.098570Z,2026-06-25T01:28:04.305184Z
2026-06-25,mega-loja,/products?code={code}&warehouse=10,17836,11867,5969,5969,0,584.0,1895,,2026-06-25T01:03:02.099470Z,2026-06-25T01:28:04.341231Z
2026-06-26,mega-loja,/documents,221,221,0,0,0,13198.0,40188,44969,2026-06-26T01:00:14.057867Z,2026-06-26T01:30:00.026000Z
2026-06-26,mega-loja,/partners/customers,1,1,0,0,0,9800.0,9800,33529,2026-06-26T01:00:02.447395Z,2026-06-26T01:00:02.447395Z
2026-06-26,mega-loja,/products,1,1,0,0,0,26093.0,26093,21496,2026-06-26T01:05:49.242609Z,2026-06-26T01:05:49.242609Z
2026-06-26,mega-loja,/products?code={code}&warehouse=1,17838,17681,157,157,2,584.0,30028,,2026-06-26T01:06:15.573913Z,2026-06-26T01:31:21.167816Z
2026-06-26,mega-loja,/products?code={code}&warehouse=10,17836,11874,5962,5962,0,584.0,2638,,2026-06-26T01:06:15.574783Z,2026-06-26T01:31:21.186713Z
2026-06-27,mega-loja,/documents,270,270,0,0,0,14126.5,40651,45363,2026-06-27T01:00:14.274357Z,2026-06-27T01:30:00.033000Z
2026-06-27,mega-loja,/partners/customers,1,1,0,0,0,10001.0,10001,33530,2026-06-27T01:00:02.507958Z,2026-06-27T01:00:02.507958Z
2026-06-27,mega-loja,/products,1,1,0,0,0,25430.0,25430,21500,2026-06-27T01:07:22.202701Z,2026-06-27T01:07:22.202701Z
2026-06-27,mega-loja,/products?code={code}&warehouse=1,17836,17680,156,156,0,584.0,1658,,2026-06-27T01:07:47.873290Z,2026-06-27T01:32:54.588831Z
2026-06-27,mega-loja,/products?code={code}&warehouse=10,17836,11874,5962,5962,0,584.0,1659,,2026-06-27T01:07:47.874180Z,2026-06-27T01:32:54.597726Z
2026-06-28,mega-loja,/documents,253,253,0,0,0,12067.0,47779,45573,2026-06-28T01:00:14.979167Z,2026-06-28T01:30:00.031000Z
2026-06-28,mega-loja,/partners/customers,1,1,0,0,0,11034.0,11034,33530,2026-06-28T01:00:02.126402Z,2026-06-28T01:00:02.126402Z
2026-06-28,mega-loja,/products,1,1,0,0,0,24399.0,24399,21500,2026-06-28T01:06:27.873861Z,2026-06-28T01:06:27.873861Z
2026-06-28,mega-loja,/products?code={code}&warehouse=1,17836,17680,156,156,0,584.0,1634,,2026-06-28T01:06:52.514699Z,2026-06-28T01:31:47.474850Z
2026-06-28,mega-loja,/products?code={code}&warehouse=10,17836,11874,5962,5962,0,583.0,1643,,2026-06-28T01:06:52.515561Z,2026-06-28T01:31:47.598399Z
2026-06-29,mega-loja,/documents,139,139,0,0,0,10740.0,42740,45484,2026-06-29T01:00:15.726589Z,2026-06-29T01:30:00.031000Z
2026-06-29,mega-loja,/partners/customers,1,1,0,0,0,11370.0,11370,33531,2026-06-29T01:00:02.541731Z,2026-06-29T01:00:02.541731Z
2026-06-29,mega-loja,/products,1,1,0,0,0,24834.0,24834,21504,2026-06-29T01:03:28.967691Z,2026-06-29T01:03:28.967691Z
2026-06-29,mega-loja,/products?code={code}&warehouse=1,17836,17680,156,156,0,582.0,1680,,2026-06-29T01:03:54.055326Z,2026-06-29T01:28:08.383450Z
2026-06-29,mega-loja,/products?code={code}&warehouse=10,17836,11874,5962,5962,0,582.0,19855,,2026-06-29T01:03:54.056282Z,2026-06-29T01:28:08.398724Z
2026-06-30,mega-loja,/documents,284,284,0,0,0,11506.0,43161,46099,2026-06-30T01:00:14.443901Z,2026-06-30T01:30:00.043000Z
2026-06-30,mega-loja,/partners/customers,1,1,0,0,0,9772.0,9772,33537,2026-06-30T01:00:02.697381Z,2026-06-30T01:00:02.697381Z
2026-06-30,mega-loja,/products,1,1,0,0,0,25009.0,25009,21509,2026-06-30T01:06:28.227170Z,2026-06-30T01:06:28.227170Z
2026-06-30,mega-loja,/products?code={code}&warehouse=1,17836,17681,155,155,0,582.0,1648,,2026-06-30T01:06:53.503856Z,2026-06-30T01:31:16.121608Z
2026-06-30,mega-loja,/products?code={code}&warehouse=10,17836,11875,5961,5961,0,582.0,1650,,2026-06-30T01:06:53.504764Z,2026-06-30T01:31:16.135057Z
2026-07-01,mega-loja,/documents,314,314,0,0,0,14583.0,41783,46517,2026-07-01T01:00:14.154136Z,2026-07-01T01:30:00.039000Z
2026-07-01,mega-loja,/partners/customers,1,1,0,0,0,9804.0,9804,33541,2026-07-01T01:00:02.448291Z,2026-07-01T01:00:02.448291Z
2026-07-01,mega-loja,/products,1,1,0,0,0,25019.0,25019,21554,2026-07-01T01:08:36.386646Z,2026-07-01T01:08:36.386646Z
2026-07-01,mega-loja,/products?code={code}&warehouse=1,17836,17682,154,154,0,584.0,1843,,2026-07-01T01:09:01.663401Z,2026-07-01T01:34:04.439816Z
2026-07-01,mega-loja,/products?code={code}&warehouse=10,17836,11876,5960,5960,0,584.0,1841,,2026-07-01T01:09:01.664335Z,2026-07-01T01:34:04.441899Z
2026-07-02,mega-loja,/documents,301,301,0,0,0,12703.0,49196,46806,2026-07-02T01:00:14.137024Z,2026-07-02T01:30:00.031000Z
2026-07-02,mega-loja,/partners/customers,1,1,0,0,0,10600.0,10600,33543,2026-07-02T01:00:01.651006Z,2026-07-02T01:00:01.651006Z
2026-07-02,mega-loja,/products,1,1,0,0,0,24935.0,24935,21556,2026-07-02T01:07:38.925478Z,2026-07-02T01:07:38.925478Z
2026-07-02,mega-loja,/products?code={code}&warehouse=1,17836,17682,154,154,0,587.0,1516,,2026-07-02T01:08:04.118778Z,2026-07-02T01:33:54.307727Z
2026-07-02,mega-loja,/products?code={code}&warehouse=10,17836,11884,5952,5952,0,587.0,2760,,2026-07-02T01:08:04.119707Z,2026-07-02T01:33:54.339418Z
2026-07-03,mega-loja,/documents,268,268,0,0,0,13586.5,43525,47039,2026-07-03T01:00:13.094711Z,2026-07-03T01:30:00.048000Z
2026-07-03,mega-loja,/partners/customers,1,1,0,0,0,8840.0,8840,33547,2026-07-03T01:00:02.129217Z,2026-07-03T01:00:02.129217Z
2026-07-03,mega-loja,/products,1,1,0,0,0,24975.0,24975,21562,2026-07-03T01:07:06.163619Z,2026-07-03T01:07:06.163619Z
2026-07-03,mega-loja,/products?code={code}&warehouse=1,17836,17682,154,154,0,583.0,1983,,2026-07-03T01:07:31.407416Z,2026-07-03T01:32:09.943087Z
2026-07-03,mega-loja,/products?code={code}&warehouse=10,17836,11887,5949,5949,0,582.0,1982,,2026-07-03T01:07:31.408332Z,2026-07-03T01:32:09.945902Z
2026-07-04,mega-loja,/documents,271,270,1,1,0,15321.0,44545,47048,2026-07-04T01:00:15.009063Z,2026-07-04T01:30:00.051000Z
2026-07-04,mega-loja,/partners/customers,1,1,0,0,0,10756.0,10756,33549,2026-07-04T01:00:02.422509Z,2026-07-04T01:00:02.422509Z
2026-07-04,mega-loja,/products,1,1,0,0,0,25170.0,25170,21567,2026-07-04T01:07:56.189589Z,2026-07-04T01:07:56.189589Z
2026-07-04,mega-loja,/products?code={code}&warehouse=1,18085,1871,16214,16214,249,331.0,30289,,2026-07-04T01:08:21.629467Z,2026-07-04T01:40:17.235229Z
2026-07-04,mega-loja,/products?code={code}&warehouse=10,18063,1028,17035,17035,227,330.0,30327,,2026-07-04T01:08:21.630409Z,2026-07-04T01:39:55.872601Z
2026-07-05,mega-loja,/documents,305,305,0,0,0,11041.0,77730,47734,2026-07-05T01:00:30.140431Z,2026-07-05T01:30:00.051000Z
2026-07-05,mega-loja,/partners/customers,1,1,0,0,0,25682.0,25682,33551,2026-07-05T01:00:02.643246Z,2026-07-05T01:00:02.643246Z
2026-07-05,mega-loja,/products,1,1,0,0,0,23823.0,23823,21568,2026-07-05T01:07:53.241921Z,2026-07-05T01:07:53.241921Z
2026-07-05,mega-loja,/products?code={code}&warehouse=1,17836,17682,154,154,0,582.0,2017,,2026-07-05T01:08:17.334263Z,2026-07-05T01:32:30.060216Z
2026-07-05,mega-loja,/products?code={code}&warehouse=10,17836,11889,5947,5947,0,582.0,1626,,2026-07-05T01:08:17.335300Z,2026-07-05T01:32:30.076758Z
2026-07-06,mega-loja,/documents,170,170,0,0,0,11200.5,45722,95041,2026-07-06T01:00:13.954405Z,2026-07-06T14:20:50.343574Z
2026-07-06,mega-loja,/partners/customers,2,2,0,0,0,10170.5,10239,67108,2026-07-06T01:00:01.813288Z,2026-07-06T14:20:38.502910Z
2026-07-06,mega-loja,/products,1,1,0,0,0,24226.0,24226,21568,2026-07-06T01:04:09.158202Z,2026-07-06T01:04:09.158202Z
2026-07-06,mega-loja,/products?code={code}&warehouse=1,17836,17682,154,154,0,581.0,1542,,2026-07-06T01:04:33.652997Z,2026-07-06T01:28:27.738889Z
2026-07-06,mega-loja,/products?code={code}&warehouse=10,17836,11889,5947,5947,0,581.0,1559,,2026-07-06T01:04:33.653934Z,2026-07-06T01:28:27.784105Z
2026-07-07,mega-loja,/documents,293,293,0,0,0,12092.0,47564,143727,2026-07-07T01:00:13.792516Z,2026-07-07T15:18:15.415140Z
2026-07-07,mega-loja,/partners/customers,5,5,0,0,0,8726.0,10158,167798,2026-07-07T01:00:01.778028Z,2026-07-07T21:03:00.405345Z
2026-07-07,mega-loja,/products,1,1,0,0,0,26451.0,26451,21581,2026-07-07T01:06:56.676306Z,2026-07-07T01:06:56.676306Z
2026-07-07,mega-loja,/products?code={code}&warehouse=1,17836,17682,154,154,0,585.0,1624,,2026-07-07T01:07:23.394321Z,2026-07-07T01:32:44.003204Z
2026-07-07,mega-loja,/products?code={code}&warehouse=10,17836,11894,5942,5942,0,585.0,1622,,2026-07-07T01:07:23.395240Z,2026-07-07T01:32:44.011243Z
2026-07-08,mega-loja,/documents,291,291,0,0,0,13671.0,45990,48523,2026-07-08T01:00:15.574499Z,2026-07-08T01:30:00.082000Z
2026-07-08,mega-loja,/partners/customers,3,3,0,0,0,9827.0,10515,100683,2026-07-08T01:00:02.557749Z,2026-07-08T20:57:48.547702Z
2026-07-08,mega-loja,/products,1,1,0,0,0,25463.0,25463,21658,2026-07-08T01:07:43.607311Z,2026-07-08T01:07:43.607311Z
2026-07-08,mega-loja,/products?code={code}&warehouse=1,17836,17681,155,155,0,584.0,1693,,2026-07-08T01:08:09.340822Z,2026-07-08T01:32:49.880967Z
2026-07-08,mega-loja,/products?code={code}&warehouse=10,17837,11895,5942,5942,1,583.0,30034,,2026-07-08T01:08:09.341751Z,2026-07-08T01:32:49.885752Z
2026-07-09,mega-loja,/documents,320,320,0,0,0,14977.5,48985,48977,2026-07-09T01:00:13.954956Z,2026-07-09T01:30:00.053000Z
2026-07-09,mega-loja,/partners/customers,1,1,0,0,0,10425.0,10425,33563,2026-07-09T01:00:01.867834Z,2026-07-09T01:00:01.867834Z
2026-07-09,mega-loja,/products,1,1,0,0,0,26085.0,26085,21666,2026-07-09T01:09:11.754433Z,2026-07-09T01:09:11.754433Z
2026-07-09,mega-loja,/products?code={code}&warehouse=1,17836,17679,157,157,0,585.0,1751,,2026-07-09T01:09:38.099511Z,2026-07-09T01:34:58.320747Z
2026-07-09,mega-loja,/products?code={code}&warehouse=10,17836,11893,5943,5943,0,585.0,1749,,2026-07-09T01:09:38.100429Z,2026-07-09T01:34:58.394709Z
2026-07-10,mega-loja,/documents,333,333,0,0,0,16743.0,48736,49364,2026-07-10T01:00:13.769794Z,2026-07-10T01:30:00.086000Z
2026-07-10,mega-loja,/partners/customers,1,1,0,0,0,10129.0,10129,33567,2026-07-10T01:00:01.958173Z,2026-07-10T01:00:01.958173Z
2026-07-10,mega-loja,/products,1,1,0,0,0,26451.0,26451,21672,2026-07-10T01:10:24.238719Z,2026-07-10T01:10:24.238719Z
2026-07-10,mega-loja,/products?code={code}&warehouse=1,17836,17679,157,157,0,583.0,1562,,2026-07-10T01:10:50.947453Z,2026-07-10T01:35:34.206093Z
2026-07-10,mega-loja,/products?code={code}&warehouse=10,17836,11902,5934,5934,0,583.0,1647,,2026-07-10T01:10:50.948324Z,2026-07-10T01:35:34.232087Z
2026-07-11,mega-loja,/documents,262,262,0,0,0,14123.5,47316,49498,2026-07-11T01:00:13.176407Z,2026-07-11T01:30:00.051000Z
2026-07-11,mega-loja,/partners/customers,1,1,0,0,0,9058.0,9058,33569,2026-07-11T01:00:02.175969Z,2026-07-11T01:00:02.175969Z
2026-07-11,mega-loja,/products,1,1,0,0,0,24711.0,24711,21698,2026-07-11T01:07:11.271044Z,2026-07-11T01:07:11.271044Z
2026-07-11,mega-loja,/products?code={code}&warehouse=1,17836,17679,157,157,0,586.0,1723,,2026-07-11T01:07:36.247291Z,2026-07-11T01:33:13.286217Z
2026-07-11,mega-loja,/products?code={code}&warehouse=10,17836,11902,5934,5934,0,586.0,1720,,2026-07-11T01:07:36.248212Z,2026-07-11T01:33:13.338911Z
2026-07-12,mega-loja,/documents,273,273,0,0,0,13230.0,53484,49785,2026-07-12T01:00:15.889335Z,2026-07-12T01:30:00.079000Z
2026-07-12,mega-loja,/partners/customers,1,1,0,0,0,12474.0,12474,33572,2026-07-12T01:00:01.635030Z,2026-07-12T01:00:01.635030Z
2026-07-12,mega-loja,/products,1,1,0,0,0,24527.0,24527,21706,2026-07-12T01:07:33.205727Z,2026-07-12T01:07:33.205727Z
2026-07-12,mega-loja,/products?code={code}&warehouse=1,17836,17679,157,157,0,583.0,2077,,2026-07-12T01:07:57.995582Z,2026-07-12T01:32:42.071119Z
2026-07-12,mega-loja,/products?code={code}&warehouse=10,17836,11903,5933,5933,0,583.0,1884,,2026-07-12T01:07:57.996475Z,2026-07-12T01:32:42.084322Z
2026-07-13,mega-loja,/documents,155,155,0,0,0,11659.0,47060,49698,2026-07-13T01:00:13.385568Z,2026-07-13T01:30:00.069000Z
2026-07-13,mega-loja,/partners/customers,1,1,0,0,0,9878.0,9878,33576,2026-07-13T01:00:01.727207Z,2026-07-13T01:00:01.727207Z
2026-07-13,mega-loja,/products,1,1,0,0,0,24983.0,24983,21706,2026-07-13T01:04:05.310389Z,2026-07-13T01:04:05.310389Z
2026-07-13,mega-loja,/products?code={code}&warehouse=1,17836,17679,157,157,0,584.0,1624,,2026-07-13T01:04:30.552972Z,2026-07-13T01:29:36.941856Z
2026-07-13,mega-loja,/products?code={code}&warehouse=10,17836,11903,5933,5933,0,584.0,1607,,2026-07-13T01:04:30.553864Z,2026-07-13T01:29:36.952483Z
2026-07-14,mega-loja,/documents,361,361,0,0,0,13327.0,47831,50528,2026-07-14T01:00:12.891260Z,2026-07-14T01:30:00.070000Z
2026-07-14,mega-loja,/partners/customers,1,1,0,0,0,8893.0,8893,33579,2026-07-14T01:00:02.282566Z,2026-07-14T01:00:02.282566Z
2026-07-14,mega-loja,/products,1,1,0,0,0,25078.0,25078,21713,2026-07-14T01:09:16.099440Z,2026-07-14T01:09:16.099440Z
2026-07-14,mega-loja,/products?code={code}&warehouse=1,17836,17680,156,156,0,584.0,4260,,2026-07-14T01:09:41.438425Z,2026-07-14T01:34:23.605994Z
2026-07-14,mega-loja,/products?code={code}&warehouse=10,17836,11904,5932,5932,0,584.0,4279,,2026-07-14T01:09:41.439306Z,2026-07-14T01:34:23.606176Z
2026-07-15,mega-loja,/documents,310,310,0,0,0,13115.5,49593,50815,2026-07-15T01:00:13.816286Z,2026-07-15T01:30:00.075000Z
2026-07-15,mega-loja,/partners/customers,1,1,0,0,0,9818.0,9818,33581,2026-07-15T01:00:02.225762Z,2026-07-15T01:00:02.225762Z
2026-07-15,mega-loja,/products,1,1,0,0,0,25967.0,25967,21743,2026-07-15T01:07:50.447072Z,2026-07-15T01:07:50.447072Z
2026-07-15,mega-loja,/products?code={code}&warehouse=1,17836,17680,156,156,0,587.0,1695,,2026-07-15T01:08:16.672484Z,2026-07-15T01:33:54.968789Z
2026-07-15,mega-loja,/products?code={code}&warehouse=10,17836,11908,5928,5928,0,587.0,1695,,2026-07-15T01:08:16.673459Z,2026-07-15T01:33:54.973562Z
2026-07-16,mega-loja,/documents,313,313,0,0,0,11396.0,50845,51137,2026-07-16T01:00:15.672916Z,2026-07-16T01:30:00.104000Z
2026-07-16,mega-loja,/partners/customers,1,1,0,0,0,11405.0,11405,33585,2026-07-16T01:00:01.887925Z,2026-07-16T01:00:01.887925Z
2026-07-16,mega-loja,/products,1,1,0,0,0,27702.0,27702,21751,2026-07-16T01:07:17.471786Z,2026-07-16T01:07:17.471786Z
2026-07-16,mega-loja,/products?code={code}&warehouse=1,17836,17680,156,156,0,594.0,1976,,2026-07-16T01:07:45.484716Z,2026-07-16T01:33:39.952099Z
2026-07-16,mega-loja,/products?code={code}&warehouse=10,17836,11908,5928,5928,0,593.0,1839,,2026-07-16T01:07:45.485808Z,2026-07-16T01:33:39.992897Z
2026-07-17,mega-loja,/documents,278,278,0,0,0,14720.5,49651,51379,2026-07-17T01:00:19.620094Z,2026-07-17T01:30:00.496000Z
2026-07-17,mega-loja,/partners/customers,1,1,0,0,0,11269.0,11269,33587,2026-07-17T01:00:02.780679Z,2026-07-17T01:00:02.780679Z
2026-07-17,mega-loja,/products,1,1,0,0,0,27077.0,27077,21754,2026-07-17T01:08:04.632293Z,2026-07-17T01:08:04.632293Z
2026-07-17,mega-loja,/products?code={code}&warehouse=1,17836,17680,156,156,0,592.0,2061,,2026-07-17T01:08:32.009307Z,2026-07-17T01:34:19.207550Z
2026-07-17,mega-loja,/products?code={code}&warehouse=10,17836,11913,5923,5923,0,592.0,2057,,2026-07-17T01:08:32.010451Z,2026-07-17T01:34:19.219991Z
2026-07-18,mega-loja,/documents,329,329,0,0,0,15671.0,51449,51913,2026-07-18T01:00:14.616289Z,2026-07-18T01:30:00.088000Z
2026-07-18,mega-loja,/partners/customers,1,1,0,0,0,10126.0,10126,33591,2026-07-18T01:00:02.617454Z,2026-07-18T01:00:02.617454Z
2026-07-18,mega-loja,/products,1,1,0,0,0,27474.0,27474,21779,2026-07-18T01:09:45.789179Z,2026-07-18T01:09:45.789179Z
2026-07-18,mega-loja,/products?code={code}&warehouse=1,17836,17677,159,159,0,587.0,1842,,2026-07-18T01:10:13.536064Z,2026-07-18T01:35:13.401885Z
2026-07-18,mega-loja,/products?code={code}&warehouse=10,17836,11911,5925,5925,0,586.0,1848,,2026-07-18T01:10:13.537258Z,2026-07-18T01:35:13.403358Z
2026-07-19,mega-loja,/documents,315,315,0,0,0,13425.0,56605,52194,2026-07-19T01:00:18.430643Z,2026-07-19T01:30:00.100000Z
2026-07-19,mega-loja,/partners/customers,1,1,0,0,0,12855.0,12855,33593,2026-07-19T01:00:02.687714Z,2026-07-19T01:00:02.687714Z
2026-07-19,mega-loja,/products,1,1,0,0,0,24925.0,24925,21807,2026-07-19T01:08:39.041326Z,2026-07-19T01:08:39.041326Z
2026-07-19,mega-loja,/products?code={code}&warehouse=1,17836,17677,159,159,0,589.0,2228,,2026-07-19T01:09:04.273573Z,2026-07-19T01:34:39.375965Z
2026-07-19,mega-loja,/products?code={code}&warehouse=10,17836,11911,5925,5925,0,589.0,1905,,2026-07-19T01:09:04.274432Z,2026-07-19T01:34:39.484171Z
2026-07-20,mega-loja,/documents,133,133,0,0,0,13628.0,49914,51943,2026-07-20T01:00:14.691490Z,2026-07-20T01:30:00.081000Z
2026-07-20,mega-loja,/partners/customers,1,1,0,0,0,10534.0,10534,33593,2026-07-20T01:00:02.357247Z,2026-07-20T01:00:02.357247Z
2026-07-20,mega-loja,/products,1,1,0,0,0,24620.0,24620,21807,2026-07-20T01:04:10.939139Z,2026-07-20T01:04:10.939139Z
2026-07-20,mega-loja,/products?code={code}&warehouse=1,17836,17677,159,159,0,585.0,1678,,2026-07-20T01:04:35.806518Z,2026-07-20T01:29:07.938347Z
2026-07-20,mega-loja,/products?code={code}&warehouse=10,17836,11911,5925,5925,0,585.0,1683,,2026-07-20T01:04:35.807432Z,2026-07-20T01:29:07.958373Z
2026-07-21,mega-loja,/documents,314,314,0,0,0,14381.0,53959,52680,2026-07-21T01:00:13.323259Z,2026-07-21T01:30:00.102000Z
2026-07-21,mega-loja,/partners/customers,1,1,0,0,0,9177.0,9177,33593,2026-07-21T01:00:02.267678Z,2026-07-21T01:00:02.267678Z
2026-07-21,mega-loja,/products,1,1,0,0,0,25242.0,25242,21810,2026-07-21T01:08:44.682014Z,2026-07-21T01:08:44.682014Z
2026-07-21,mega-loja,/products?code={code}&warehouse=1,17836,17677,159,159,0,588.0,1657,,2026-07-21T01:09:10.191027Z,2026-07-21T01:34:52.126135Z
2026-07-21,mega-loja,/products?code={code}&warehouse=10,17837,11912,5925,5925,1,588.0,30031,,2026-07-21T01:09:10.192028Z,2026-07-21T01:34:52.127904Z
2026-07-22,mega-loja,/documents,279,279,0,0,0,16081.0,51517,52912,2026-07-22T01:00:15.623118Z,2026-07-22T01:30:00.052000Z
2026-07-22,mega-loja,/partners/customers,1,1,0,0,0,9485.0,9485,33591,2026-07-22T01:00:02.517654Z,2026-07-22T01:00:02.517654Z
2026-07-22,mega-loja,/products,1,1,0,0,0,26741.0,26741,21826,2026-07-22T01:08:38.347323Z,2026-07-22T01:08:38.347323Z
2026-07-22,mega-loja,/products?code={code}&warehouse=1,17836,17677,159,159,0,589.0,1508,,2026-07-22T01:09:05.413461Z,2026-07-22T01:34:45.685667Z
2026-07-22,mega-loja,/products?code={code}&warehouse=10,17836,11917,5919,5919,0,589.0,1508,,2026-07-22T01:09:05.414511Z,2026-07-22T01:34:45.690587Z
2026-07-23,mega-loja,/documents,264,264,0,0,0,13681.5,52049,53157,2026-07-23T01:00:16.437753Z,2026-07-23T01:30:00.061000Z
2026-07-23,mega-loja,/partners/customers,1,1,0,0,0,11915.0,11915,33598,2026-07-23T01:00:02.648244Z,2026-07-23T01:00:02.648244Z
2026-07-23,mega-loja,/products,1,1,0,0,0,25339.0,25339,21856,2026-07-23T01:07:21.849084Z,2026-07-23T01:07:21.849084Z
2026-07-23,mega-loja,/products?code={code}&warehouse=1,17836,17677,159,159,0,587.0,1661,,2026-07-23T01:07:47.451139Z,2026-07-23T01:32:45.872266Z
2026-07-23,mega-loja,/products?code={code}&warehouse=10,17836,11924,5912,5912,0,587.0,20154,,2026-07-23T01:07:47.453289Z,2026-07-23T01:32:45.894877Z
2026-07-24,mega-loja,/documents,251,251,0,0,0,16248.0,52018,53404,2026-07-24T01:00:13.359269Z,2026-07-24T01:30:00.430000Z
2026-07-24,mega-loja,/partners/customers,1,1,0,0,0,9087.0,9087,33600,2026-07-24T01:00:02.146240Z,2026-07-24T01:00:02.146240Z
2026-07-24,mega-loja,/products,1,1,0,0,0,26581.0,26581,21867,2026-07-24T01:07:54.846729Z,2026-07-24T01:07:54.846729Z
2026-07-24,mega-loja,/products?code={code}&warehouse=1,17837,17675,162,162,1,588.0,30015,,2026-07-24T01:08:21.698971Z,2026-07-24T01:34:00.416191Z
2026-07-24,mega-loja,/products?code={code}&warehouse=10,17836,11924,5912,5912,0,588.0,1708,,2026-07-24T01:08:21.700018Z,2026-07-24T01:34:00.500608Z
2026-07-25,mega-loja,/documents,283,283,0,0,0,14475.0,52774,53768,2026-07-25T01:00:16.938493Z,2026-07-25T01:30:00.055000Z
2026-07-25,mega-loja,/partners/customers,1,1,0,0,0,11550.0,11550,33603,2026-07-25T01:00:01.707606Z,2026-07-25T01:00:01.707606Z
2026-07-25,mega-loja,/products,1,1,0,0,0,25998.0,25998,21890,2026-07-25T01:08:09.145115Z,2026-07-25T01:08:09.145115Z
2026-07-25,mega-loja,/products?code={code}&warehouse=1,17836,17674,162,162,0,591.0,1760,,2026-07-25T01:08:35.428175Z,2026-07-25T01:34:31.814131Z
2026-07-25,mega-loja,/products?code={code}&warehouse=10,17836,11923,5913,5913,0,590.0,1776,,2026-07-25T01:08:35.429051Z,2026-07-25T01:34:31.855850Z
2026-07-26,mega-loja,/documents,300,300,0,0,0,12488.5,61456,54141,2026-07-26T01:00:19.150915Z,2026-07-26T01:30:00.084000Z
2026-07-26,mega-loja,/partners/customers,1,1,0,0,0,12622.0,12622,33609,2026-07-26T01:00:02.458463Z,2026-07-26T01:00:02.458463Z
2026-07-26,mega-loja,/products,1,1,0,0,0,26659.0,26659,21895,2026-07-26T01:07:52.673485Z,2026-07-26T01:07:52.673485Z
2026-07-26,mega-loja,/products?code={code}&warehouse=1,17831,17669,162,162,0,595.0,2179,,2026-07-26T01:08:19.605324Z,2026-07-26T01:34:53.540394Z
2026-07-26,mega-loja,/products?code={code}&warehouse=10,17832,11922,5910,5910,0,595.0,2213,,2026-07-26T01:08:19.606191Z,2026-07-26T01:34:53.567788Z
2026-07-27,mega-loja,/documents,170,170,0,0,0,16830.5,52378,54032,2026-07-27T01:00:15.782625Z,2026-07-27T01:30:00.051000Z
2026-07-27,mega-loja,/partners/customers,1,1,0,0,0,8738.0,8738,33613,2026-07-27T01:00:02.493570Z,2026-07-27T01:00:02.493570Z
2026-07-27,mega-loja,/products,1,1,0,0,0,25190.0,25190,21895,2026-07-27T01:05:51.884913Z,2026-07-27T01:05:51.884913Z
2026-07-27,mega-loja,/products?code={code}&warehouse=1,17836,17674,162,162,0,587.0,1638,,2026-07-27T01:06:17.320627Z,2026-07-27T01:31:14.484526Z
2026-07-27,mega-loja,/products?code={code}&warehouse=10,17836,11926,5910,5910,0,586.0,1645,,2026-07-27T01:06:17.321552Z,2026-07-27T01:31:14.486179Z
2026-07-28,mega-loja,/documents,325,325,0,0,0,17872.0,54281,54696,2026-07-28T01:00:19.294831Z,2026-07-28T01:30:00.063000Z
2026-07-28,mega-loja,/partners/customers,1,1,0,0,0,11007.0,11007,33615,2026-07-28T01:00:02.322125Z,2026-07-28T01:00:02.322125Z
2026-07-28,mega-loja,/products,1,1,0,0,0,25625.0,25625,21905,2026-07-28T01:11:00.150360Z,2026-07-28T01:11:00.150360Z
2026-07-28,mega-loja,/products?code={code}&warehouse=1,17836,17675,161,161,0,592.0,1660,,2026-07-28T01:11:26.069010Z,2026-07-28T01:37:32.057278Z
2026-07-28,mega-loja,/products?code={code}&warehouse=10,17836,11927,5909,5909,0,591.0,1675,,2026-07-28T01:11:26.070001Z,2026-07-28T01:37:32.057743Z
2026-07-29,mega-loja,/documents,310,310,0,0,0,15025.0,55314,55025,2026-07-29T01:00:14.964682Z,2026-07-29T01:30:00.069000Z
2026-07-29,mega-loja,/documents?fromDate=20260727,8,8,0,0,0,5057.5,9995,7599,2026-07-29T22:32:18.498373Z,2026-07-29T23:09:41.006728Z
2026-07-29,mega-loja,/partners/customers,2,2,0,0,0,9562.0,9919,67231,2026-07-29T01:00:02.160950Z,2026-07-29T22:38:52.325304Z
2026-07-29,mega-loja,/products,1,1,0,0,0,25720.0,25720,21923,2026-07-29T01:08:59.697176Z,2026-07-29T01:08:59.697176Z
2026-07-29,mega-loja,/products?code={code}&warehouse=1,17836,17677,159,159,0,589.0,1736,,2026-07-29T01:09:25.694085Z,2026-07-29T01:35:12.792445Z
2026-07-29,mega-loja,/products?code={code}&warehouse=10,17836,11929,5907,5907,0,589.0,1744,,2026-07-29T01:09:25.695172Z,2026-07-29T01:35:12.833798Z
2026-07-30,mega-loja,/documents,270,270,0,0,0,13086.0,52987,55222,2026-07-30T01:00:14.533213Z,2026-07-30T01:30:00.073000Z
2026-07-30,mega-loja,/documents?fromDate=20260728,2,2,0,0,0,5888.5,6782,1281,2026-07-30T09:48:52.898896Z,2026-07-30T09:51:25.189894Z
2026-07-30,mega-loja,/partners/customers,2,2,0,0,0,8387.5,8695,67234,2026-07-30T01:00:02.036129Z,2026-07-30T08:54:44.040125Z
2026-07-30,mega-loja,/products,2,2,0,0,0,25737.5,26365,43889,2026-07-30T01:07:10.619255Z,2026-07-30T13:52:36.298293Z
2026-07-30,mega-loja,/products?code={code}&warehouse=1,17837,17677,160,160,1,586.0,30026,,2026-07-30T01:07:35.982016Z,2026-07-30T01:32:42.327928Z
2026-07-30,mega-loja,/products?code={code}&warehouse=10,17836,11934,5902,5902,0,586.0,1944,,2026-07-30T01:07:35.982966Z,2026-07-30T01:32:42.329001Z
2026-07-31,mega-loja,/documents,285,285,0,0,0,13470.0,54653,55602,2026-07-31T01:00:13.251975Z,2026-07-31T01:30:00.066000Z
2026-07-31,mega-loja,/partners/customers,1,1,0,0,0,8858.0,8858,33619,2026-07-31T01:00:02.394350Z,2026-07-31T01:00:02.394350Z
2026-07-31,mega-loja,/products,1,1,0,0,0,26126.0,26126,21980,2026-07-31T01:07:35.329240Z,2026-07-31T01:07:35.329240Z
2026-07-31,mega-loja,/products?code={code}&warehouse=1,17836,17674,162,162,0,589.0,1786,,2026-07-31T01:08:02.830342Z,2026-07-31T01:34:00.670942Z
2026-07-31,mega-loja,/products?code={code}&warehouse=10,17836,11936,5900,5900,0,589.0,1793,,2026-07-31T01:08:02.831992Z,2026-07-31T01:34:00.671311Z
2026-08-01,mega-loja,/documents,272,271,1,1,0,16963.0,55543,55550,2026-08-01T01:00:15.032266Z,2026-08-01T01:30:00.076000Z
2026-08-01,mega-loja,/partners/customers,1,1,0,0,0,9026.0,9026,33622,2026-08-01T01:00:02.323382Z,2026-08-01T01:00:02.323382Z
2026-08-01,mega-loja,/products,1,1,0,0,0,28810.0,28810,22017,2026-08-01T01:08:53.721572Z,2026-08-01T01:08:53.721572Z
2026-08-01,mega-loja,/products?code={code}&warehouse=1,18528,437,18091,18091,277,332.0,30310,,2026-08-01T01:09:24.084195Z,2026-08-01T01:43:25.230608Z
2026-08-01,mega-loja,/products?code={code}&warehouse=10,18532,127,18405,18405,281,332.0,30335,,2026-08-01T01:09:24.085065Z,2026-08-01T01:43:24.529417Z
2026-08-02,mega-loja,/documents,274,273,1,1,0,11614.5,240038,55829,2026-08-02T01:30:00.065000Z,2026-08-02T08:32:23.506843Z
2026-08-02,mega-loja,/partners/customers,2,1,1,1,0,95183.0,180642,33624,2026-08-02T01:00:01.944069Z,2026-08-02T08:25:56.874809Z
2026-08-02,mega-loja,/products,5,2,3,3,2,120330.0,120387,44055,2026-08-02T01:03:02.854804Z,2026-08-02T23:53:17.883301Z
2026-08-02,mega-loja,/products?code={code}&warehouse=1,174,60,114,114,76,30262.5,30688,,2026-08-02T01:09:10.295743Z,2026-08-02T08:34:29.124838Z
2026-08-02,mega-loja,/products?code={code}&warehouse=10,171,16,155,155,74,30262.0,30666,,2026-08-02T01:09:10.296602Z,2026-08-02T08:34:29.127439Z
2026-08-03,mega-loja,/documents,118,118,0,0,0,15209.0,59124,55914,2026-08-03T01:00:16.029010Z,2026-08-03T01:30:00.081000Z
2026-08-03,mega-loja,/partners/customers,1,1,0,0,0,12067.0,12067,33625,2026-08-03T01:00:02.069581Z,2026-08-03T01:00:02.069581Z
2026-08-03,mega-loja,/products,1,1,0,0,0,26303.0,26303,22029,2026-08-03T01:04:17.907240Z,2026-08-03T01:04:17.907240Z
2026-08-03,mega-loja,/products?code={code}&warehouse=1,18246,18081,165,165,0,605.0,2116,,2026-08-03T01:04:45.733847Z,2026-08-03T01:32:51.255182Z
2026-08-03,mega-loja,/products?code={code}&warehouse=10,18246,12297,5949,5949,0,604.0,2091,,2026-08-03T01:04:45.734786Z,2026-08-03T01:32:51.257457Z
2026-08-04,mega-loja,/documents,275,275,0,0,0,15509.0,61449,56549,2026-08-04T01:00:15.293763Z,2026-08-04T01:30:00.073000Z
2026-08-04,mega-loja,/partners/customers,1,1,0,0,0,11243.0,11243,33628,2026-08-04T01:00:02.098411Z,2026-08-04T01:00:02.098411Z
2026-08-04,mega-loja,/products,1,1,0,0,0,25623.0,25623,22040,2026-08-04T01:08:25.897800Z,2026-08-04T01:08:25.897800Z
2026-08-04,mega-loja,/products?code={code}&warehouse=1,17263,16918,345,345,5,590.0,30283,,2026-08-04T01:08:53.011184Z,2026-08-04T01:34:08.635938Z
2026-08-04,mega-loja,/products?code={code}&warehouse=10,17264,11969,5295,5295,7,590.0,30286,,2026-08-04T01:08:53.012106Z,2026-08-04T01:34:23.616846Z
2026-08-05,mega-loja,/documents,257,257,0,0,0,12673.0,69737,56785,2026-08-05T01:00:16.623095Z,2026-08-05T01:30:00.059000Z
2026-08-05,mega-loja,/partners/customers,1,1,0,0,0,12076.0,12076,33634,2026-08-05T01:00:02.364945Z,2026-08-05T01:00:02.364945Z
2026-08-05,mega-loja,/products,1,1,0,0,0,27451.0,27451,22059,2026-08-05T01:07:13.035808Z,2026-08-05T01:07:13.035808Z
2026-08-05,mega-loja,/products?code={code}&warehouse=1,18278,18124,154,154,0,591.0,2014,,2026-08-05T01:07:41.931593Z,2026-08-05T01:34:26.964645Z
2026-08-05,mega-loja,/products?code={code}&warehouse=10,18278,12340,5938,5938,0,591.0,1847,,2026-08-05T01:07:41.932454Z,2026-08-05T01:34:27.011670Z
2026-08-06,mega-loja,/documents,456,452,4,4,2,13581.5,133866,56985,2026-08-06T00:20:25.858096Z,2026-08-06T15:48:52.150215Z
2026-08-06,mega-loja,/documents?fromDate=20260804,2,2,0,0,0,14696.5,21268,1278,2026-08-06T00:19:48.569198Z,2026-08-06T15:44:07.751715Z
2026-08-06,mega-loja,/partners/customers,2,2,0,0,0,14786.5,18460,67272,2026-08-06T01:00:02.344295Z,2026-08-06T10:16:44.210586Z
2026-08-06,mega-loja,/products,3,3,0,0,0,26806.0,29680,66187,2026-08-06T00:19:58.678843Z,2026-08-06T15:44:29.277386Z
2026-08-06,mega-loja,/products?code={code}&warehouse=1,13560,13072,488,488,222,591.0,30285,,2026-08-06T00:21:23.407797Z,2026-08-06T01:42:43.588812Z
2026-08-06,mega-loja,/products?code={code}&warehouse=10,13559,8912,4647,4647,222,591.0,30265,,2026-08-06T00:21:23.408677Z,2026-08-06T01:42:43.582587Z
2026-08-07,mega-loja,/documents,109,109,0,0,0,14946.0,58731,57296,2026-08-07T01:00:15.852704Z,2026-08-07T11:46:32.373358Z
2026-08-07,mega-loja,/partners/customers,1,1,0,0,0,10261.0,10261,33641,2026-08-07T01:00:02.109677Z,2026-08-07T01:00:02.109677Z
2026-08-07,mega-loja,/products,1,1,0,0,0,25244.0,25244,22061,2026-08-07T01:03:57.711846Z,2026-08-07T01:03:57.711846Z
2026-08-07,mega-loja,/products?code={code}&warehouse=1,18279,18124,155,155,0,588.0,1787,,2026-08-07T01:04:24.609532Z,2026-08-07T01:30:43.075769Z
2026-08-07,mega-loja,/products?code={code}&warehouse=10,18279,12346,5933,5933,0,588.0,1783,,2026-08-07T01:04:24.610411Z,2026-08-07T01:30:43.101124Z
2026-08-08,mega-loja,/documents,353,353,0,0,0,12504.0,75031,57600,2026-08-08T01:00:16.409440Z,2026-08-08T01:09:18.672806Z
2026-08-08,mega-loja,/partners/customers,1,1,0,0,0,11794.0,11794,33643,2026-08-08T01:00:02.685256Z,2026-08-08T01:00:02.685256Z
2026-08-08,mega-loja,/products,1,1,0,0,0,28915.0,28915,22071,2026-08-08T01:09:25.010739Z,2026-08-08T01:09:25.010739Z
2026-08-08,mega-loja,/products?code={code}&warehouse=1,18274,18119,155,155,0,590.0,1467,,2026-08-08T01:09:55.356766Z,2026-08-08T01:36:31.426080Z
2026-08-08,mega-loja,/products?code={code}&warehouse=10,18274,12344,5930,5930,0,590.0,1739,,2026-08-08T01:09:55.357670Z,2026-08-08T01:36:31.456012Z
2026-08-09,mega-loja,/documents,295,295,0,0,0,15222.0,72170,57862,2026-08-09T01:00:16.660086Z,2026-08-09T01:09:12.855127Z
2026-08-09,mega-loja,/partners/customers,1,1,0,0,0,11673.0,11673,33644,2026-08-09T01:00:02.965754Z,2026-08-09T01:00:02.965754Z
2026-08-09,mega-loja,/products,1,1,0,0,0,26011.0,26011,22076,2026-08-09T01:09:20.036234Z,2026-08-09T01:09:20.036234Z
2026-08-09,mega-loja,/products?code={code}&warehouse=1,6893,6682,211,211,10,592.0,30293,,2026-08-09T01:09:47.449632Z,2026-08-09T01:20:50.441949Z
2026-08-09,mega-loja,/products?code={code}&warehouse=10,6895,4360,2535,2535,13,592.0,30290,,2026-08-09T01:09:47.450503Z,2026-08-09T01:20:50.759831Z
2026-08-10,mega-loja,/documents,164,164,0,0,0,14144.5,15438,164,2026-08-10T08:58:23.632999Z,2026-08-10T09:02:10.135122Z
2026-08-10,mega-loja,/documents?fromDate=20260808,3,3,0,0,0,6530.0,7053,1535,2026-08-10T08:54:37.037375Z,2026-08-10T13:09:30.974175Z
2026-08-10,mega-loja,/partners/customers,1,0,1,1,0,180628.0,180628,,2026-08-10T01:00:02.455403Z,2026-08-10T01:00:02.455403Z
2026-08-10,mega-loja,/products,4,1,3,3,2,120315.0,120389,22076,2026-08-10T01:03:03.343651Z,2026-08-10T08:57:57.246651Z
2026-08-10,mega-loja,/products?code={code}&warehouse=1,114,0,114,114,76,30281.0,30742,,2026-08-10T01:09:10.652256Z,2026-08-10T01:16:30.194465Z
2026-08-10,mega-loja,/products?code={code}&warehouse=10,111,0,111,111,74,30279.0,30738,,2026-08-10T01:09:10.653120Z,2026-08-10T01:16:30.195184Z
2026-08-11,mega-loja,/documents,263,263,0,0,0,13341.0,59709,58281,2026-08-11T01:00:16.682177Z,2026-08-11T01:07:05.771627Z
2026-08-11,mega-loja,/documents?fromDate=20260809,2,0,2,2,0,180477.0,180477,,2026-08-11T11:44:05.086818Z,2026-08-11T21:41:02.822371Z
2026-08-11,mega-loja,/partners/customers,1,1,0,0,0,11674.0,11674,33654,2026-08-11T01:00:02.265667Z,2026-08-11T01:00:02.265667Z
2026-08-11,mega-loja,/products,1,1,0,0,0,26213.0,26213,22084,2026-08-11T01:07:12.473641Z,2026-08-11T01:07:12.473641Z
2026-08-11,mega-loja,/products?code={code}&warehouse=1,4391,4197,194,194,8,598.0,30306,,2026-08-11T01:07:40.152694Z,2026-08-11T01:15:00.370653Z
2026-08-11,mega-loja,/products?code={code}&warehouse=10,4388,2743,1645,1645,6,598.0,30293,,2026-08-11T01:07:40.153566Z,2026-08-11T01:14:49.733613Z
2026-08-12,mega-loja,/documents,355,355,0,0,0,14648.0,38656,355,2026-08-12T09:08:14.712155Z,2026-08-12T09:17:11.203198Z
2026-08-12,mega-loja,/documents?fromDate=20260810,1,1,0,0,0,5018.0,5018,653,2026-08-12T09:07:41.080897Z,2026-08-12T09:07:41.080897Z
2026-08-12,mega-loja,/partners/customers,1,0,1,1,0,180623.0,180623,,2026-08-12T00:05:01.975888Z,2026-08-12T00:05:01.975888Z
2026-08-12,mega-loja,/products,5,2,3,3,2,120314.0,120422,44195,2026-08-12T00:08:02.875690Z,2026-08-12T16:56:22.110059Z
2026-08-12,mega-loja,/products?code={code}&warehouse=1,70,0,70,70,32,30265.0,30803,,2026-08-12T00:14:10.265956Z,2026-08-12T00:17:49.700009Z
2026-08-12,mega-loja,/products?code={code}&warehouse=10,69,0,69,69,32,30264.0,30834,,2026-08-12T00:14:10.266834Z,2026-08-12T00:17:49.684795Z
2026-08-13,mega-loja,/documents,591,591,0,0,0,16345.0,59961,59309,2026-08-13T00:05:13.626023Z,2026-08-13T22:32:13.110104Z
2026-08-13,mega-loja,/documents?fromDate=20260811,2,2,0,0,0,7900.0,8222,1622,2026-08-13T01:17:09.663317Z,2026-08-13T22:23:45.987339Z
2026-08-13,mega-loja,/partners/customers,1,1,0,0,0,9595.0,9595,33659,2026-08-13T00:05:02.312108Z,2026-08-13T00:05:02.312108Z
2026-08-13,mega-loja,/products,3,3,0,0,0,25751.0,25807,66302,2026-08-13T00:14:23.045760Z,2026-08-13T22:23:54.489562Z
2026-08-13,mega-loja,/products?code={code}&warehouse=1,18318,18161,157,157,0,584.0,15395,,2026-08-13T00:14:48.841819Z,2026-08-13T00:41:25.696062Z
2026-08-13,mega-loja,/products?code={code}&warehouse=10,18318,12403,5915,5915,0,584.0,14653,,2026-08-13T00:14:48.842757Z,2026-08-13T00:41:25.726194Z
2026-08-14,mega-loja,/documents,1,1,0,0,0,60693.0,60693,59023,2026-08-14T00:05:15.227923Z,2026-08-14T00:05:15.227923Z
2026-08-14,mega-loja,/partners/customers,1,1,0,0,0,11081.0,11081,33663,2026-08-14T00:05:02.337317Z,2026-08-14T00:05:02.337317Z
2026-08-14,mega-loja,/products,1,1,0,0,0,25719.0,25719,22102,2026-08-14T00:06:20.015074Z,2026-08-14T00:06:20.015074Z
2026-08-14,mega-loja,/products?code={code}&warehouse=1,18302,18146,156,156,0,589.0,8393,,2026-08-14T00:06:47.296174Z,2026-08-14T00:34:21.768135Z
2026-08-14,mega-loja,/products?code={code}&warehouse=10,18305,12395,5910,5910,0,588.0,8373,,2026-08-14T00:06:47.297057Z,2026-08-14T00:34:21.834854Z
2026-08-15,mega-loja,/documents,288,288,0,0,0,16925.5,61289,59600,2026-08-15T00:05:14.161977Z,2026-08-15T00:14:15.089635Z
2026-08-15,mega-loja,/documents?fromDate=20260813,1,1,0,0,0,5106.0,5106,590,2026-08-15T00:51:34.763823Z,2026-08-15T00:51:34.763823Z
2026-08-15,mega-loja,/partners/customers,1,1,0,0,0,10396.0,10396,33664,2026-08-15T00:05:01.973619Z,2026-08-15T00:05:01.973619Z
2026-08-15,mega-loja,/products,2,2,0,0,0,26513.5,27025,44204,2026-08-15T00:14:26.294555Z,2026-08-15T00:51:40.040538Z
2026-08-15,mega-loja,/products?code={code}&warehouse=1,18313,18151,162,162,0,589.0,8206,,2026-08-15T00:14:54.776233Z,2026-08-15T00:41:54.393097Z
2026-08-15,mega-loja,/products?code={code}&warehouse=10,18313,12397,5916,5916,0,589.0,8077,,2026-08-15T00:14:54.777125Z,2026-08-15T00:41:54.504635Z
2026-08-16,mega-loja,/documents,150,150,0,0,0,15892.0,66501,59611,2026-08-16T00:05:15.862395Z,2026-08-16T00:10:27.022173Z
2026-08-16,mega-loja,/partners/customers,1,1,0,0,0,11424.0,11424,33667,2026-08-16T00:05:02.653959Z,2026-08-16T00:05:02.653959Z
2026-08-16,mega-loja,/products,1,1,0,0,0,27673.0,27673,22102,2026-08-16T00:10:39.117957Z,2026-08-16T00:10:39.117957Z
2026-08-16,mega-loja,/products?code={code}&warehouse=1,18313,18151,162,162,0,586.0,13784,,2026-08-16T00:11:08.209950Z,2026-08-16T00:37:58.379327Z
2026-08-16,mega-loja,/products?code={code}&warehouse=10,18313,12397,5916,5916,0,586.0,13558,,2026-08-16T00:11:08.210833Z,2026-08-16T00:37:58.447579Z
2026-08-17,mega-loja,/documents,456,456,0,0,0,13404.5,15768,456,2026-08-17T10:11:56.607067Z,2026-08-17T20:39:52.762952Z
2026-08-17,mega-loja,/documents?fromDate=20260815,6,4,2,2,0,6306.5,7461,2030,2026-08-17T04:56:13.242293Z,2026-08-17T20:38:19.369519Z
2026-08-17,mega-loja,/partners/customers,3,0,3,3,0,470.0,470,,2026-08-17T00:05:02.096394Z,2026-08-17T06:10:02.696357Z
2026-08-17,mega-loja,/products,12,3,9,9,6,177.5,25701,66312,2026-08-17T00:05:03.068551Z,2026-08-17T20:38:27.088074Z
2026-08-17,mega-loja,/products?code={code}&warehouse=1,342,0,342,342,228,163.0,712,,2026-08-17T00:05:09.913155Z,2026-08-17T06:10:28.803888Z
2026-08-17,mega-loja,/products?code={code}&warehouse=10,333,0,333,333,222,163.0,691,,2026-08-17T00:05:09.914097Z,2026-08-17T06:10:28.743664Z
2026-08-18,mega-loja,/documents,1,1,0,0,0,62075.0,62075,59950,2026-08-18T00:05:15.909965Z,2026-08-18T00:05:15.909965Z
2026-08-18,mega-loja,/documents?fromDate=20260816,1,1,0,0,0,8823.0,8823,542,2026-08-18T11:23:24.280359Z,2026-08-18T11:23:24.280359Z
2026-08-18,mega-loja,/partners/customers,2,2,0,0,0,10554.5,11370,67344,2026-08-18T00:05:02.196303Z,2026-08-18T14:48:00.308475Z
2026-08-18,mega-loja,/products,1,1,0,0,0,28009.0,28009,22105,2026-08-18T00:06:22.048202Z,2026-08-18T00:06:22.048202Z
2026-08-18,mega-loja,/products?code={code}&warehouse=1,18283,18121,162,162,0,592.0,13651,,2026-08-18T00:06:51.517242Z,2026-08-18T00:38:21.320684Z
2026-08-18,mega-loja,/products?code={code}&warehouse=10,18289,12375,5914,5914,0,592.0,14335,,2026-08-18T00:06:51.517923Z,2026-08-18T00:38:21.375706Z
2026-08-19,mega-loja,/documents,1331,1331,0,0,0,15329.0,70884,182680,2026-08-19T00:05:14.785449Z,2026-08-19T23:57:32.455039Z
2026-08-19,mega-loja,/documents?fromDate=20100101,1,1,0,0,0,72558.0,72558,60553,2026-08-19T23:29:03.861221Z,2026-08-19T23:29:03.861221Z
2026-08-19,mega-loja,/documents?fromDate=20260817,1,1,0,0,0,7682.0,7682,835,2026-08-19T20:45:59.012825Z,2026-08-19T20:45:59.012825Z
2026-08-19,mega-loja,/partners/customers,1,1,0,0,0,10830.0,10830,33678,2026-08-19T00:05:02.143499Z,2026-08-19T00:05:02.143499Z
2026-08-19,mega-loja,/partners/suppliers,3,3,0,0,0,9675.0,9811,2583,2026-08-19T23:40:11.044434Z,2026-08-19T23:41:40.562049Z
2026-08-19,mega-loja,/products,2,2,0,0,0,25756.0,26164,44216,2026-08-19T00:13:30.177527Z,2026-08-19T20:46:06.931240Z
2026-08-19,mega-loja,/products?code={code}&warehouse=1,18320,18157,163,163,0,587.0,7389,,2026-08-19T00:13:57.791680Z,2026-08-19T00:40:29.999737Z
2026-08-19,mega-loja,/products?code={code}&warehouse=10,18320,12406,5914,5914,0,586.0,7403,,2026-08-19T00:13:57.792350Z,2026-08-19T00:40:30.029641Z
2026-08-20,mega-loja,/documents,1001,1001,0,0,0,15136.0,72911,61553,2026-08-20T00:05:18.422213Z,2026-08-20T00:31:40.557821Z
2026-08-20,mega-loja,/partners/customers,1,1,0,0,0,8990.0,8990,33681,2026-08-20T00:05:01.855585Z,2026-08-20T00:05:01.855585Z
2026-08-20,mega-loja,/partners/suppliers,1,1,0,0,0,5912.0,5912,861,2026-08-20T00:05:12.457722Z,2026-08-20T00:05:12.457722Z
2026-08-20,mega-loja,/products,1,1,0,0,0,117403.0,117403,22110,2026-08-20T00:32:03.746511Z,2026-08-20T00:32:03.746511Z
2026-08-20,mega-loja,/products?code={code}&warehouse=1,18324,18161,163,163,0,588.0,6977,,2026-08-20T00:34:03.249027Z,2026-08-20T01:00:18.254138Z
2026-08-20,mega-loja,/products?code={code}&warehouse=10,18324,12411,5913,5913,0,588.0,6781,,2026-08-20T00:34:03.250089Z,2026-08-20T01:00:18.286015Z
2026-08-21,mega-loja,/documents,1001,1001,0,0,0,18518.0,68866,61819,2026-08-21T00:05:18.747079Z,2026-08-21T00:39:04.354755Z
2026-08-21,mega-loja,/documents?fromDate=20260819,1,1,0,0,0,8113.0,8113,812,2026-08-21T17:12:28.073234Z,2026-08-21T17:12:28.073234Z
2026-08-21,mega-loja,/partners/customers,1,1,0,0,0,9844.0,9844,33685,2026-08-21T00:05:02.161067Z,2026-08-21T00:05:02.161067Z
2026-08-21,mega-loja,/partners/suppliers,1,1,0,0,0,4967.0,4967,861,2026-08-21T00:05:13.712536Z,2026-08-21T00:05:13.712536Z
2026-08-21,mega-loja,/products,2,2,0,0,0,29805.5,31934,44246,2026-08-21T00:39:23.361066Z,2026-08-21T18:51:31.674484Z
2026-08-21,mega-loja,/products?code={code}&warehouse=1,18334,18171,163,163,0,584.0,2888,,2026-08-21T00:39:52.473782Z,2026-08-21T01:05:30.449308Z
2026-08-21,mega-loja,/products?code={code}&warehouse=10,18334,12420,5914,5914,0,583.0,2880,,2026-08-21T00:39:52.474878Z,2026-08-21T01:05:30.496554Z
2026-08-22,mega-loja,/documents,1001,1001,0,0,0,15857.0,68691,62153,2026-08-22T00:05:18.989733Z,2026-08-22T00:34:06.516263Z
2026-08-22,mega-loja,/partners/customers,1,1,0,0,0,9920.0,9920,33687,2026-08-22T00:05:02.255240Z,2026-08-22T00:05:02.255240Z
2026-08-22,mega-loja,/partners/suppliers,1,1,0,0,0,4977.0,4977,862,2026-08-22T00:05:13.946383Z,2026-08-22T00:05:13.946383Z
2026-08-22,mega-loja,/products,1,1,0,0,0,29421.0,29421,22125,2026-08-22T00:34:23.723811Z,2026-08-22T00:34:23.723811Z
2026-08-22,mega-loja,/products?code={code}&warehouse=1,18332,18168,164,164,0,586.0,14418,,2026-08-22T00:34:54.728273Z,2026-08-22T01:01:00.046624Z
2026-08-22,mega-loja,/products?code={code}&warehouse=10,18332,12417,5915,5915,0,586.0,14383,,2026-08-22T00:34:54.728860Z,2026-08-22T01:01:00.148565Z
2026-08-23,mega-loja,/documents,1401,1401,0,0,0,11809.0,78921,62849,2026-08-23T00:05:22.835368Z,2026-08-23T22:56:49.153245Z
2026-08-23,mega-loja,/documents?fromDate=20260821,1,1,0,0,0,7398.0,7398,738,2026-08-23T22:46:24.519673Z,2026-08-23T22:46:24.519673Z
2026-08-23,mega-loja,/partners/customers,1,1,0,0,0,13266.0,13266,33688,2026-08-23T00:05:02.501446Z,2026-08-23T00:05:02.501446Z
2026-08-23,mega-loja,/partners/suppliers,1,1,0,0,0,4874.0,4874,862,2026-08-23T00:05:17.902074Z,2026-08-23T00:05:17.902074Z
2026-08-23,mega-loja,/products,2,2,0,0,0,26680.5,27653,44266,2026-08-23T00:26:31.403905Z,2026-08-23T22:46:32.124439Z
2026-08-23,mega-loja,/products?code={code}&warehouse=1,18339,18173,166,166,0,583.0,12777,,2026-08-23T00:26:59.051593Z,2026-08-23T00:52:55.214147Z
2026-08-23,mega-loja,/products?code={code}&warehouse=10,18339,12428,5911,5911,0,583.0,12777,,2026-08-23T00:26:59.054125Z,2026-08-23T00:52:55.231479Z
2026-08-24,mega-loja,/documents,1001,1001,0,0,0,13281.0,70382,62569,2026-08-24T00:05:19.825027Z,2026-08-24T00:28:39.161134Z
2026-08-24,mega-loja,/documents?fromDate=20260822,1,1,0,0,0,6849.0,6849,473,2026-08-24T11:09:04.355062Z,2026-08-24T11:09:04.355062Z
2026-08-24,mega-loja,/partners/customers,1,1,0,0,0,10783.0,10783,33688,2026-08-24T00:05:02.138613Z,2026-08-24T00:05:02.138613Z
2026-08-24,mega-loja,/partners/suppliers,1,1,0,0,0,4945.0,4945,862,2026-08-24T00:05:14.805583Z,2026-08-24T00:05:14.805583Z
2026-08-24,mega-loja,/products,1,1,0,0,0,24245.0,24245,22133,2026-08-24T00:28:50.883131Z,2026-08-24T00:28:50.883131Z
2026-08-24,mega-loja,/products?code={code}&warehouse=1,18339,18173,166,166,0,584.0,10500,,2026-08-24T00:29:16.658770Z,2026-08-24T00:55:17.271281Z
2026-08-24,mega-loja,/products?code={code}&warehouse=10,18339,12428,5911,5911,0,584.0,10491,,2026-08-24T00:29:16.659472Z,2026-08-24T00:55:17.367034Z
2026-08-25,mega-loja,/documents,481,481,0,0,0,15254.0,72363,62352,2026-08-25T00:05:19.386822Z,2026-08-25T00:18:38.743639Z
2026-08-25,mega-loja,/partners/customers,1,1,0,0,0,9801.0,9801,33692,2026-08-25T00:05:01.774719Z,2026-08-25T00:05:01.774719Z
2026-08-25,mega-loja,/partners/suppliers,1,1,0,0,0,4828.0,4828,862,2026-08-25T00:05:14.491398Z,2026-08-25T00:05:14.491398Z
2026-08-25,mega-loja,/products,1,1,0,0,0,26610.0,26610,22178,2026-08-25T00:18:51.772755Z,2026-08-25T00:18:51.772755Z
2026-08-25,mega-loja,/products?code={code}&warehouse=1,18440,18274,166,166,0,584.0,8794,,2026-08-25T00:19:19.940621Z,2026-08-25T00:45:28.399253Z
2026-08-25,mega-loja,/products?code={code}&warehouse=10,18440,12534,5906,5906,0,583.0,9017,,2026-08-25T00:19:19.941293Z,2026-08-25T00:45:28.446851Z
2026-08-26,mega-loja,/documents,328,328,0,0,0,14185.5,71357,62527,2026-08-26T00:05:19.151072Z,2026-08-26T00:14:10.882453Z
2026-08-26,mega-loja,/partners/customers,1,1,0,0,0,9679.0,9679,33695,2026-08-26T00:05:02.584625Z,2026-08-26T00:05:02.584625Z
2026-08-26,mega-loja,/partners/suppliers,1,1,0,0,0,4989.0,4989,862,2026-08-26T00:05:14.102019Z,2026-08-26T00:05:14.102019Z
2026-08-26,mega-loja,/products,1,1,0,0,0,26422.0,26422,22194,2026-08-26T00:14:22.462426Z,2026-08-26T00:14:22.462426Z
2026-08-26,mega-loja,/products?code={code}&warehouse=1,18455,18289,166,166,0,585.0,7074,,2026-08-26T00:14:50.435014Z,2026-08-26T00:41:10.207592Z
2026-08-26,mega-loja,/products?code={code}&warehouse=10,18455,12550,5905,5905,0,585.0,6949,,2026-08-26T00:14:50.435607Z,2026-08-26T00:41:10.219280Z
2026-08-27,mega-loja,/documents,299,299,0,0,0,13539.0,76988,62798,2026-08-27T00:05:19.555210Z,2026-08-27T00:13:29.715452Z
2026-08-27,mega-loja,/partners/customers,2,2,0,0,0,10092.0,10343,67405,2026-08-27T00:05:02.056097Z,2026-08-27T11:02:54.147020Z
2026-08-27,mega-loja,/partners/suppliers,1,1,0,0,0,4998.0,4998,862,2026-08-27T00:05:14.495920Z,2026-08-27T00:05:14.495920Z
2026-08-27,mega-loja,/products,1,1,0,0,0,26064.0,26064,22194,2026-08-27T00:13:41.678105Z,2026-08-27T00:13:41.678105Z
2026-08-27,mega-loja,/products?code={code}&warehouse=1,18453,18287,166,166,0,587.0,7430,,2026-08-27T00:14:09.427643Z,2026-08-27T00:40:29.339788Z
2026-08-27,mega-loja,/products?code={code}&warehouse=10,18453,12548,5905,5905,0,587.0,7221,,2026-08-27T00:14:09.428273Z,2026-08-27T00:40:29.352264Z
2026-08-28,mega-loja,/documents,257,257,0,0,0,12222.0,72950,63012,2026-08-28T00:05:18.920479Z,2026-08-28T00:11:42.976890Z
2026-08-28,mega-loja,/partners/customers,2,2,0,0,0,9640.5,9706,67413,2026-08-28T00:05:01.939092Z,2026-08-28T13:49:28.394813Z
2026-08-28,mega-loja,/partners/suppliers,1,1,0,0,0,5041.0,5041,862,2026-08-28T00:05:13.817004Z,2026-08-28T00:05:13.817004Z
2026-08-28,mega-loja,/products,1,1,0,0,0,26209.0,26209,22194,2026-08-28T00:11:51.589082Z,2026-08-28T00:11:51.589082Z
2026-08-28,mega-loja,/products?code={code}&warehouse=1,18452,18286,166,166,0,587.0,5189,,2026-08-28T00:12:19.434225Z,2026-08-28T00:38:18.115385Z
2026-08-28,mega-loja,/products?code={code}&warehouse=10,18452,12547,5905,5905,0,586.0,5069,,2026-08-28T00:12:19.434843Z,2026-08-28T00:38:18.129748Z
2026-08-29,mega-loja,/documents,330,330,0,0,0,15437.5,75568,63414,2026-08-29T00:05:20.328568Z,2026-08-29T00:14:52.105346Z
2026-08-29,mega-loja,/partners/customers,1,1,0,0,0,10665.0,10665,33709,2026-08-29T00:05:01.807446Z,2026-08-29T00:05:01.807446Z
2026-08-29,mega-loja,/partners/suppliers,1,1,0,0,0,5965.0,5965,862,2026-08-29T00:05:14.296935Z,2026-08-29T00:05:14.296935Z
2026-08-29,mega-loja,/products,1,1,0,0,0,26677.0,26677,22217,2026-08-29T00:15:05.303452Z,2026-08-29T00:15:05.303452Z
2026-08-29,mega-loja,/products?code={code}&warehouse=1,18443,18277,166,166,0,594.0,5574,,2026-08-29T00:15:33.584107Z,2026-08-29T00:42:08.501988Z
2026-08-29,mega-loja,/products?code={code}&warehouse=10,18443,12546,5897,5897,0,593.0,6059,,2026-08-29T00:15:33.584756Z,2026-08-29T00:42:08.524077Z
2026-08-30,mega-loja,/documents,274,274,0,0,0,13522.0,87319,63631,2026-08-30T00:05:19.834420Z,2026-08-30T00:13:16.470608Z
2026-08-30,mega-loja,/partners/customers,1,1,0,0,0,10355.0,10355,33712,2026-08-30T00:05:02.304071Z,2026-08-30T00:05:02.304071Z
2026-08-30,mega-loja,/partners/suppliers,1,1,0,0,0,5073.0,5073,863,2026-08-30T00:05:14.697666Z,2026-08-30T00:05:14.697666Z
2026-08-30,mega-loja,/products,1,1,0,0,0,26492.0,26492,22235,2026-08-30T00:13:23.057859Z,2026-08-30T00:13:23.057859Z
2026-08-30,mega-loja,/products?code={code}&warehouse=1,18471,18304,167,167,1,584.0,30008,,2026-08-30T00:13:51.140139Z,2026-08-30T00:39:37.764304Z
2026-08-30,mega-loja,/products?code={code}&warehouse=10,18470,12578,5892,5892,0,584.0,6847,,2026-08-30T00:13:51.140794Z,2026-08-30T00:39:37.767668Z
2026-08-31,mega-loja,/documents,371,368,3,3,2,14004.0,75436,191365,2026-08-31T00:05:18.480410Z,2026-08-31T17:54:34.283151Z
2026-08-31,mega-loja,/documents?fromDate=20260101,4,4,0,0,0,74211.5,100030,248812,2026-08-31T23:28:27.394738Z,2026-08-31T23:35:09.909685Z
2026-08-31,mega-loja,/documents?fromDate=20260829,2,2,0,0,0,5327.5,5465,1257,2026-08-31T17:28:48.505173Z,2026-08-31T17:56:11.072296Z
2026-08-31,mega-loja,/partners/customers,1,1,0,0,0,8991.0,8991,33715,2026-08-31T00:05:02.576952Z,2026-08-31T00:05:02.576952Z
2026-08-31,mega-loja,/partners/suppliers,1,1,0,0,0,4904.0,4904,863,2026-08-31T00:05:13.516592Z,2026-08-31T00:05:13.516592Z
2026-08-31,mega-loja,/products,2,2,0,0,0,27041.5,27620,44472,2026-08-31T00:10:14.725077Z,2026-08-31T17:28:54.242157Z
2026-08-31,mega-loja,/products?code={code}&warehouse=1,18470,18304,166,166,0,585.0,5473,,2026-08-31T00:10:43.949510Z,2026-08-31T00:36:32.301685Z
2026-08-31,mega-loja,/products?code={code}&warehouse=10,18470,12578,5892,5892,0,584.0,5458,,2026-08-31T00:10:43.950178Z,2026-08-31T00:36:32.316175Z
2026-09-01,mega-loja,/documents,35,35,0,0,0,18895.0,77706,63793,2026-09-01T00:05:18.388035Z,2026-09-01T00:07:59.509714Z
2026-09-01,mega-loja,/documents?fromDate=20260101,14,14,0,0,0,76896.0,80350,872263,2026-09-01T00:16:26.488035Z,2026-09-01T18:10:01.906629Z
2026-09-01,mega-loja,/partners/customers,1,1,0,0,0,8814.0,8814,33721,2026-09-01T00:05:02.295186Z,2026-09-01T00:05:02.295186Z
2026-09-01,mega-loja,/partners/suppliers,1,1,0,0,0,4772.0,4772,863,2026-09-01T00:05:13.552926Z,2026-09-01T00:05:13.552926Z
2026-09-01,mega-loja,/products,1,1,0,0,0,28440.0,28440,22237,2026-09-01T00:08:09.557997Z,2026-09-01T00:08:09.557997Z
2026-09-01,mega-loja,/products?code={code}&warehouse=1,18471,18306,165,165,1,591.0,30018,,2026-09-01T00:08:39.559449Z,2026-09-01T00:35:33.853516Z
2026-09-01,mega-loja,/products?code={code}&warehouse=10,18470,12580,5890,5890,0,591.0,7371,,2026-09-01T00:08:39.560172Z,2026-09-01T00:35:33.867703Z
2026-09-02,mega-loja,/documents,270,270,0,0,0,16225.0,92781,128324,2026-09-02T00:05:19.516350Z,2026-09-02T06:10:21.069980Z
2026-09-02,mega-loja,/documents?fromDate=20260101,11,11,0,0,0,77297.0,79648,688376,2026-09-02T08:10:02.504225Z,2026-09-02T18:10:02.148835Z
2026-09-02,mega-loja,/partners/customers,3,2,1,1,0,11536.0,180405,67444,2026-09-02T00:05:02.473365Z,2026-09-02T06:10:02.250591Z
2026-09-02,mega-loja,/partners/suppliers,2,2,0,0,0,5022.0,5123,1726,2026-09-02T00:05:14.530537Z,2026-09-02T06:10:15.895522Z
2026-09-02,mega-loja,/products,5,2,3,3,2,120367.0,120369,44476,2026-09-02T00:13:58.051007Z,2026-09-02T06:11:58.427553Z
2026-09-02,mega-loja,/products?code={code}&warehouse=1,36135,35528,607,607,87,587.0,30554,,2026-09-02T00:14:25.343777Z,2026-09-02T06:38:02.760236Z
2026-09-02,mega-loja,/products?code={code}&warehouse=10,36127,24842,11285,11285,81,587.0,30494,,2026-09-02T00:14:25.344382Z,2026-09-02T06:38:02.763182Z
2026-09-03,mega-loja,/documents,227,227,0,0,0,17353.0,75887,64480,2026-09-03T00:05:19.573422Z,2026-09-03T00:13:08.602111Z
2026-09-03,mega-loja,/documents?fromDate=20260101,11,11,0,0,0,77940.0,81604,690874,2026-09-03T08:10:02.453674Z,2026-09-03T18:10:02.178480Z
2026-09-03,mega-loja,/partners/customers,1,1,0,0,0,9810.0,9810,33727,2026-09-03T00:05:02.385906Z,2026-09-03T00:05:02.385906Z
2026-09-03,mega-loja,/partners/suppliers,1,1,0,0,0,5038.0,5038,863,2026-09-03T00:05:14.477883Z,2026-09-03T00:05:14.477883Z
2026-09-03,mega-loja,/products,1,1,0,0,0,25267.0,25267,22244,2026-09-03T00:13:16.914126Z,2026-09-03T00:13:16.914126Z
2026-09-03,mega-loja,/products?code={code}&warehouse=1,18460,18297,163,163,0,584.0,6426,,2026-09-03T00:13:43.718093Z,2026-09-03T00:39:52.827994Z
2026-09-03,mega-loja,/products?code={code}&warehouse=10,18460,12570,5890,5890,0,584.0,6420,,2026-09-03T00:13:43.718673Z,2026-09-03T00:39:52.860845Z
2026-09-04,mega-loja,/documents,255,255,0,0,0,19174.0,76388,64762,2026-09-04T00:05:20.403467Z,2026-09-04T00:14:41.132100Z
2026-09-04,mega-loja,/documents?fromDate=20260101,11,11,0,0,0,78546.0,80343,694028,2026-09-04T08:10:01.650316Z,2026-09-04T18:10:02.103928Z
2026-09-04,mega-loja,/partners/customers,1,1,0,0,0,11236.0,11236,33720,2026-09-04T00:05:01.966184Z,2026-09-04T00:05:01.966184Z
2026-09-04,mega-loja,/partners/suppliers,1,1,0,0,0,4868.0,4868,797,2026-09-04T00:05:15.477469Z,2026-09-04T00:05:15.477469Z
2026-09-04,mega-loja,/products,1,1,0,0,0,26452.0,26452,22256,2026-09-04T00:14:49.460456Z,2026-09-04T00:14:49.460456Z
2026-09-04,mega-loja,/products?code={code}&warehouse=1,18460,18297,163,163,1,584.0,30023,,2026-09-04T00:15:17.518730Z,2026-09-04T00:41:06.473944Z
2026-09-04,mega-loja,/products?code={code}&warehouse=10,18459,12570,5889,5889,0,583.0,5924,,2026-09-04T00:15:17.519338Z,2026-09-04T00:41:06.477127Z
2026-09-05,mega-loja,/documents,331,331,0,0,0,17949.0,76681,65158,2026-09-05T00:05:19.262212Z,2026-09-05T00:16:17.744446Z
2026-09-05,mega-loja,/documents?fromDate=20260101,11,11,0,0,0,79236.0,106745,697033,2026-09-05T08:10:02.203637Z,2026-09-05T18:10:02.150777Z
2026-09-05,mega-loja,/partners/customers,1,1,0,0,0,9784.0,9784,33721,2026-09-05T00:05:02.187485Z,2026-09-05T00:05:02.187485Z
2026-09-05,mega-loja,/partners/suppliers,1,1,0,0,0,4869.0,4869,797,2026-09-05T00:05:14.346332Z,2026-09-05T00:05:14.346332Z
2026-09-05,mega-loja,/products,1,1,0,0,0,29126.0,29126,22278,2026-09-05T00:16:35.898126Z,2026-09-05T00:16:35.898126Z
2026-09-05,mega-loja,/products?code={code}&warehouse=1,18451,18287,164,164,0,583.0,5734,,2026-09-05T00:17:06.554538Z,2026-09-05T00:42:39.128461Z
2026-09-05,mega-loja,/products?code={code}&warehouse=10,18451,12562,5889,5889,0,582.0,5806,,2026-09-05T00:17:06.555179Z,2026-09-05T00:42:39.146045Z
2026-09-06,mega-loja,/documents,214,214,0,0,0,15809.5,77634,65256,2026-09-06T00:05:21.563322Z,2026-09-06T00:12:38.649324Z
2026-09-06,mega-loja,/partners/customers,3,1,2,2,0,180569.0,180741,33723,2026-09-06T00:05:03.255796Z,2026-09-06T06:10:02.645696Z
2026-09-06,mega-loja,/partners/suppliers,1,1,0,0,0,5072.0,5072,797,2026-09-06T00:05:16.428772Z,2026-09-06T00:05:16.428772Z
2026-09-06,mega-loja,/products,7,1,6,6,4,120356.0,120371,22278,2026-09-06T00:12:46.201188Z,2026-09-06T06:17:10.309557Z
2026-09-06,mega-loja,/products?code={code}&warehouse=1,3368,2971,397,397,159,586.0,30468,,2026-09-06T00:13:17.077661Z,2026-09-06T06:26:30.080849Z
2026-09-06,mega-loja,/products?code={code}&warehouse=10,3364,1764,1600,1600,158,585.0,30492,,2026-09-06T00:13:17.078306Z,2026-09-06T06:26:30.096856Z
2026-09-07,mega-loja,/documents,145,145,0,0,0,19128.0,78935,65330,2026-09-07T06:10:21.670670Z,2026-09-07T06:16:13.338055Z
2026-09-07,mega-loja,/documents?fromDate=20260101,11,11,0,0,0,81718.0,85237,701208,2026-09-07T08:10:02.257556Z,2026-09-07T18:10:02.394368Z
2026-09-07,mega-loja,/partners/customers,3,1,2,2,0,180508.0,180649,33724,2026-09-07T00:05:01.751353Z,2026-09-07T06:10:02.657368Z
2026-09-07,mega-loja,/partners/suppliers,1,1,0,0,0,5431.0,5431,797,2026-09-07T06:10:16.185587Z,2026-09-07T06:10:16.185587Z
2026-09-07,mega-loja,/products,7,1,6,6,4,120354.0,120371,22278,2026-09-07T00:08:04.272543Z,2026-09-07T06:16:20.898139Z
2026-09-07,mega-loja,/products?code={code}&warehouse=1,18636,18273,363,363,123,583.0,30475,,2026-09-07T00:14:11.800887Z,2026-09-07T06:41:51.868627Z
2026-09-07,mega-loja,/products?code={code}&warehouse=10,18629,12551,6078,6078,118,582.0,30476,,2026-09-07T00:14:11.801447Z,2026-09-07T06:41:51.931173Z
2026-09-08,mega-loja,/2020/documents,2,2,0,0,0,43849.5,46704,90962,2026-09-08T19:22:40.437040Z,2026-09-08T19:24:03.521315Z
2026-09-08,mega-loja,/2020/documents?fromDate=20200101,3,3,0,0,0,37671.0,37994,134634,2026-09-08T18:48:20.289230Z,2026-09-08T18:49:52.380823Z
2026-09-08,mega-loja,/2021/documents,1,1,0,0,0,52540.0,52540,53695,2026-09-08T19:24:56.174987Z,2026-09-08T19:24:56.174987Z
2026-09-08,mega-loja,/2021/documents?fromDate=20210101,1,1,0,0,0,49163.0,49163,52705,2026-09-08T18:50:35.734769Z,2026-09-08T18:50:35.734769Z
2026-09-08,mega-loja,/2022/documents,1,1,0,0,0,51464.0,51464,53181,2026-09-08T19:25:54.996435Z,2026-09-08T19:25:54.996435Z
2026-09-08,mega-loja,/2022/documents?fromDate=20220101,1,1,0,0,0,50897.0,50897,52195,2026-09-08T18:51:30.688351Z,2026-09-08T18:51:30.688351Z
2026-09-08,mega-loja,/2023/documents,1,1,0,0,0,58062.0,58062,57096,2026-09-08T19:26:52.670897Z,2026-09-08T19:26:52.670897Z
2026-09-08,mega-loja,/2023/documents?fromDate=20230101,1,1,0,0,0,57017.0,57017,56120,2026-09-08T18:52:27.382331Z,2026-09-08T18:52:27.382331Z
2026-09-08,mega-loja,/2024/documents,1,1,0,0,0,67212.0,67212,65083,2026-09-08T19:27:57.164032Z,2026-09-08T19:27:57.164032Z
2026-09-08,mega-loja,/2024/documents?fromDate=20240101,1,1,0,0,0,72576.0,72576,63928,2026-09-08T18:53:30.525224Z,2026-09-08T18:53:30.525224Z
2026-09-08,mega-loja,/2025/documents,1,1,0,0,0,110733.0,110733,77542,2026-09-08T19:29:11.273083Z,2026-09-08T19:29:11.273083Z
2026-09-08,mega-loja,/2025/documents?fromDate=20250101,1,1,0,0,0,105245.0,105245,76304,2026-09-08T18:54:49.580128Z,2026-09-08T18:54:49.580128Z
2026-09-08,mega-loja,/documents,274,274,0,0,0,19258.0,81581,65728,2026-09-08T00:05:22.762843Z,2026-09-08T00:15:28.468448Z
2026-09-08,mega-loja,/documents?fromDate=20260101,12,10,2,2,0,79180.5,106247,640272,2026-09-08T08:10:03.099743Z,2026-09-08T18:10:02.367504Z
2026-09-08,mega-loja,/partners/customers,1,1,0,0,0,11071.0,11071,33727,2026-09-08T00:05:02.385506Z,2026-09-08T00:05:02.385506Z
2026-09-08,mega-loja,/partners/suppliers,1,1,0,0,0,6536.0,6536,797,2026-09-08T00:05:16.165245Z,2026-09-08T00:05:16.165245Z
2026-09-08,mega-loja,/products,1,1,0,0,0,26322.0,26322,22278,2026-09-08T00:15:37.245209Z,2026-09-08T00:15:37.245209Z
2026-09-08,mega-loja,/products?code={code}&warehouse=1,18445,18278,167,167,0,584.0,5738,,2026-09-08T00:16:05.243088Z,2026-09-08T00:42:05.111194Z
2026-09-08,mega-loja,/products?code={code}&warehouse=10,18445,12556,5889,5889,0,583.0,6704,,2026-09-08T00:16:05.243657Z,2026-09-08T00:42:05.232100Z
2026-09-09,mega-loja,/2020/documents?fromDate=20160801&toDate=20160801&IncludeLines=True,1,1,0,0,0,3927.0,3927,1,2026-09-09T23:37:23.056533Z,2026-09-09T23:37:23.056533Z
2026-09-09,mega-loja,/2020/documents?fromDate=20170320&toDate=20170607&IncludeLines=True,1,1,0,0,0,3837.0,3837,4,2026-09-09T23:37:28.009656Z,2026-09-09T23:37:28.009656Z
2026-09-09,mega-loja,/2020/documents?fromDate=20170807&toDate=20170930&IncludeLines=True,1,1,0,0,0,3777.0,3777,2,2026-09-09T23:37:32.862811Z,2026-09-09T23:37:32.862811Z
2026-09-09,mega-loja,/2020/documents?fromDate=20171130&toDate=20180227&IncludeLines=True,1,1,0,0,0,3839.0,3839,6,2026-09-09T23:37:37.654575Z,2026-09-09T23:37:37.654575Z
2026-09-09,mega-loja,/2020/documents?fromDate=20180228&toDate=20180517&IncludeLines=True,1,1,0,0,0,3919.0,3919,5,2026-09-09T23:37:42.509462Z,2026-09-09T23:37:42.509462Z
2026-09-09,mega-loja,/2020/documents?fromDate=20180529&toDate=20180817&IncludeLines=True,1,1,0,0,0,4036.0,4036,12,2026-09-09T23:37:47.455249Z,2026-09-09T23:37:47.455249Z
2026-09-09,mega-loja,/2020/documents?fromDate=20180906&toDate=20181204&IncludeLines=True,1,1,0,0,0,4043.0,4043,17,2026-09-09T23:37:52.508584Z,2026-09-09T23:37:52.508584Z
2026-09-09,mega-loja,/2020/documents?fromDate=20181205&toDate=20190216&IncludeLines=True,1,1,0,0,0,4123.0,4123,20,2026-09-09T23:37:57.572675Z,2026-09-09T23:37:57.572675Z
2026-09-09,mega-loja,/2020/documents?fromDate=20190306&toDate=20190530&IncludeLines=True,1,1,0,0,0,4438.0,4438,34,2026-09-09T23:38:02.738976Z,2026-09-09T23:38:02.738976Z
2026-09-09,mega-loja,/2020/documents?fromDate=20190604&toDate=20190830&IncludeLines=True,1,1,0,0,0,4516.0,4516,43,2026-09-09T23:38:08.201737Z,2026-09-09T23:38:08.201737Z
2026-09-09,mega-loja,/2020/documents?fromDate=20190902&toDate=20191130&IncludeLines=True,1,1,0,0,0,6593.0,6593,185,2026-09-09T23:38:13.744693Z,2026-09-09T23:38:13.744693Z
2026-09-09,mega-loja,/2020/documents?fromDate=20191202&toDate=20200113&IncludeLines=True,1,1,0,0,0,27990.0,27990,1327,2026-09-09T23:38:21.393384Z,2026-09-09T23:38:21.393384Z
2026-09-09,mega-loja,/2020/documents?fromDate=20200114&toDate=20200128&IncludeLines=True,1,1,0,0,0,25328.0,25328,1340,2026-09-09T23:38:51.103166Z,2026-09-09T23:38:51.103166Z
2026-09-09,mega-loja,/2020/documents?fromDate=20200129&toDate=20200209&IncludeLines=True,1,1,0,0,0,24437.0,24437,1329,2026-09-09T23:39:17.779912Z,2026-09-09T23:39:17.779912Z
2026-09-09,mega-loja,/2020/documents?fromDate=20200210&toDate=20200221&IncludeLines=True,1,1,0,0,0,24710.0,24710,1340,2026-09-09T23:39:43.533445Z,2026-09-09T23:39:43.533445Z
2026-09-09,mega-loja,/2020/documents?fromDate=20200222&toDate=20200306&IncludeLines=True,1,1,0,0,0,24978.0,24978,1365,2026-09-09T23:40:09.541481Z,2026-09-09T23:40:09.541481Z
2026-09-09,mega-loja,/2020/documents?fromDate=20200307&toDate=20200319&IncludeLines=True,1,1,0,0,0,24890.0,24890,1348,2026-09-09T23:40:35.850708Z,2026-09-09T23:40:35.850708Z
2026-09-09,mega-loja,/2020/documents?fromDate=20200320&toDate=20200402&IncludeLines=True,1,1,0,0,0,23996.0,23996,1283,2026-09-09T23:41:02.059963Z,2026-09-09T23:41:02.059963Z
2026-09-09,mega-loja,/2020/documents?fromDate=20200403&toDate=20200416&IncludeLines=True,1,1,0,0,0,23430.0,23430,1260,2026-09-09T23:41:27.364000Z,2026-09-09T23:41:27.364000Z
2026-09-09,mega-loja,/2020/documents?fromDate=20200417&toDate=20200428&IncludeLines=True,1,1,0,0,0,25124.0,25124,1386,2026-09-09T23:41:52.084264Z,2026-09-09T23:41:52.084264Z
2026-09-09,mega-loja,/2020/documents?fromDate=20200429&toDate=20200508&IncludeLines=True,1,1,0,0,0,23394.0,23394,1258,2026-09-09T23:42:18.492901Z,2026-09-09T23:42:18.492901Z
2026-09-09,mega-loja,/2020/documents?fromDate=20200509&toDate=20200518&IncludeLines=True,1,1,0,0,0,25322.0,25322,1374,2026-09-09T23:42:43.177366Z,2026-09-09T23:42:43.177366Z
2026-09-09,mega-loja,/2020/documents?fromDate=20200519&toDate=20200527&IncludeLines=True,1,1,0,0,0,25474.0,25474,1385,2026-09-09T23:43:09.777768Z,2026-09-09T23:43:09.777768Z
2026-09-09,mega-loja,/2020/documents?fromDate=20200528&toDate=20200605&IncludeLines=True,1,1,0,0,0,24644.0,24644,1344,2026-09-09T23:43:36.529559Z,2026-09-09T23:43:36.529559Z
2026-09-09,mega-loja,/2020/documents?fromDate=20200606&toDate=20200614&IncludeLines=True,1,1,0,0,0,23792.0,23792,1285,2026-09-09T23:44:03.103624Z,2026-09-09T23:44:03.103624Z
2026-09-09,mega-loja,/2020/documents?fromDate=20200615&toDate=20200622&IncludeLines=True,1,1,0,0,0,23601.0,23601,1237,2026-09-09T23:44:28.170814Z,2026-09-09T23:44:28.170814Z
2026-09-09,mega-loja,/2020/documents?fromDate=20200623&toDate=20200701&IncludeLines=True,1,1,0,0,0,24295.0,24295,1314,2026-09-09T23:44:53.054102Z,2026-09-09T23:44:53.054102Z
2026-09-09,mega-loja,/2020/documents?fromDate=20200702&toDate=20200710&IncludeLines=True,1,1,0,0,0,24631.0,24631,1343,2026-09-09T23:45:18.692997Z,2026-09-09T23:45:18.692997Z
2026-09-09,mega-loja,/2020/documents?fromDate=20200711&toDate=20200719&IncludeLines=True,1,1,0,0,0,23454.0,23454,1254,2026-09-09T23:45:44.622304Z,2026-09-09T23:45:44.622304Z
2026-09-09,mega-loja,/2020/documents?fromDate=20200720&toDate=20200728&IncludeLines=True,1,1,0,0,0,24815.0,24815,1349,2026-09-09T23:46:09.348031Z,2026-09-09T23:46:09.348031Z
2026-09-09,mega-loja,/2020/documents?fromDate=20200729&toDate=20200807&IncludeLines=True,1,1,0,0,0,24583.0,24583,1355,2026-09-09T23:46:35.452653Z,2026-09-09T23:46:35.452653Z
2026-09-09,mega-loja,/2020/documents?fromDate=20200808&toDate=20200818&IncludeLines=True,1,1,0,0,0,24297.0,24297,1328,2026-09-09T23:47:01.356680Z,2026-09-09T23:47:01.356680Z
2026-09-09,mega-loja,/2020/documents?fromDate=20200819&toDate=20200829&IncludeLines=True,1,1,0,0,0,24826.0,24826,1363,2026-09-09T23:47:26.946374Z,2026-09-09T23:47:26.946374Z
2026-09-09,mega-loja,/2020/documents?fromDate=20200830&toDate=20200909&IncludeLines=True,1,1,0,0,0,26532.0,26532,1396,2026-09-09T23:47:53.038862Z,2026-09-09T23:47:53.038862Z
2026-09-09,mega-loja,/2020/documents?fromDate=20200910&toDate=20200921&IncludeLines=True,1,1,0,0,0,26008.0,26008,1383,2026-09-09T23:48:20.906487Z,2026-09-09T23:48:20.906487Z
2026-09-09,mega-loja,/2020/documents?fromDate=20200922&toDate=20201001&IncludeLines=True,1,1,0,0,0,24800.0,24800,1293,2026-09-09T23:48:48.307853Z,2026-09-09T23:48:48.307853Z
2026-09-09,mega-loja,/2020/documents?fromDate=20201002&toDate=20201012&IncludeLines=True,1,1,0,0,0,24746.0,24746,1319,2026-09-09T23:49:14.435395Z,2026-09-09T23:49:14.435395Z
2026-09-09,mega-loja,/2020/documents?fromDate=20201013&toDate=20201022&IncludeLines=True,1,1,0,0,0,25560.0,25560,1336,2026-09-09T23:49:40.464790Z,2026-09-09T23:49:40.464790Z
2026-09-09,mega-loja,/2020/documents?fromDate=20201023&toDate=20201101&IncludeLines=True,1,1,0,0,0,24659.0,24659,1309,2026-09-09T23:50:07.863359Z,2026-09-09T23:50:07.863359Z
2026-09-09,mega-loja,/2020/documents?fromDate=20201102&toDate=20201110&IncludeLines=True,1,1,0,0,0,25084.0,25084,1337,2026-09-09T23:50:33.805444Z,2026-09-09T23:50:33.805444Z
2026-09-09,mega-loja,/2020/documents?fromDate=20201111&toDate=20201119&IncludeLines=True,1,1,0,0,0,23838.0,23838,1257,2026-09-09T23:51:00.191054Z,2026-09-09T23:51:00.191054Z
2026-09-09,mega-loja,/2020/documents?fromDate=20201120&toDate=20201128&IncludeLines=True,1,1,0,0,0,25580.0,25580,1383,2026-09-09T23:51:25.309569Z,2026-09-09T23:51:25.309569Z
2026-09-09,mega-loja,/2020/documents?fromDate=20201129&toDate=20201208&IncludeLines=True,1,1,0,0,0,26200.0,26200,1388,2026-09-09T23:51:52.159486Z,2026-09-09T23:51:52.159486Z
2026-09-09,mega-loja,/2020/documents?fromDate=20201209&toDate=20201217&IncludeLines=True,1,1,0,0,0,26264.0,26264,1376,2026-09-09T23:52:19.672059Z,2026-09-09T23:52:19.672059Z
2026-09-09,mega-loja,/2020/documents?fromDate=20201218&toDate=20201231&IncludeLines=True,1,1,0,0,0,24583.0,24583,1171,2026-09-09T23:52:47.337621Z,2026-09-09T23:52:47.337621Z
2026-09-09,mega-loja,/2021/documents?fromDate=20160801&toDate=20160801&IncludeLines=True,1,1,0,0,0,9962.0,9962,1,2026-09-09T23:53:13.678758Z,2026-09-09T23:53:13.678758Z
2026-09-09,mega-loja,/2021/documents?fromDate=20170320&toDate=20170607&IncludeLines=True,1,1,0,0,0,4205.0,4205,2,2026-09-09T23:53:24.675668Z,2026-09-09T23:53:24.675668Z
2026-09-09,mega-loja,/2021/documents?fromDate=20170807&toDate=20170807&IncludeLines=True,1,1,0,0,0,3971.0,3971,1,2026-09-09T23:53:29.916037Z,2026-09-09T23:53:29.916037Z
2026-09-09,mega-loja,/2021/documents?fromDate=20180118&toDate=20180413&IncludeLines=True,1,1,0,0,0,4622.0,4622,2,2026-09-09T23:53:34.909447Z,2026-09-09T23:53:34.909447Z
2026-09-09,mega-loja,/2021/documents?fromDate=20180712&toDate=20181009&IncludeLines=True,1,1,0,0,0,4406.0,4406,9,2026-09-09T23:53:40.641858Z,2026-09-09T23:53:40.641858Z
2026-09-09,mega-loja,/2021/documents?fromDate=20181108&toDate=20190201&IncludeLines=True,1,1,0,0,0,4332.0,4332,7,2026-09-09T23:53:46.083303Z,2026-09-09T23:53:46.083303Z
2026-09-09,mega-loja,/2021/documents?fromDate=20190206&toDate=20190506&IncludeLines=True,1,1,0,0,0,4364.0,4364,9,2026-09-09T23:53:51.442726Z,2026-09-09T23:53:51.442726Z
2026-09-09,mega-loja,/2021/documents?fromDate=20190507&toDate=20190717&IncludeLines=True,1,1,0,0,0,4292.0,4292,6,2026-09-09T23:53:56.825037Z,2026-09-09T23:53:56.825037Z
2026-09-09,mega-loja,/2021/documents?fromDate=20190809&toDate=20191106&IncludeLines=True,1,1,0,0,0,4566.0,4566,13,2026-09-09T23:54:02.192211Z,2026-09-09T23:54:02.192211Z
2026-09-09,mega-loja,/2021/documents?fromDate=20191107&toDate=20200204&IncludeLines=True,1,1,0,0,0,4577.0,4577,22,2026-09-09T23:54:07.959283Z,2026-09-09T23:54:07.959283Z
2026-09-09,mega-loja,/2021/documents?fromDate=20200205&toDate=20200424&IncludeLines=True,1,1,0,0,0,5204.0,5204,52,2026-09-09T23:54:13.572025Z,2026-09-09T23:54:13.572025Z
2026-09-09,mega-loja,/2021/documents?fromDate=20200505&toDate=20200729&IncludeLines=True,1,1,0,0,0,5592.0,5592,76,2026-09-09T23:54:19.823589Z,2026-09-09T23:54:19.823589Z
2026-09-09,mega-loja,/2021/documents?fromDate=20200804&toDate=20201101&IncludeLines=True,1,1,0,0,0,7719.0,7719,219,2026-09-09T23:54:26.468274Z,2026-09-09T23:54:26.468274Z
2026-09-09,mega-loja,/2021/documents?fromDate=20201102&toDate=20210112&IncludeLines=True,1,1,0,0,0,28897.0,28897,1301,2026-09-09T23:54:35.281029Z,2026-09-09T23:54:35.281029Z
2026-09-09,mega-loja,/2021/documents?fromDate=20210113&toDate=20210120&IncludeLines=True,1,1,0,0,0,25640.0,25640,1296,2026-09-09T23:55:07.530578Z,2026-09-09T23:55:07.530578Z
2026-09-09,mega-loja,/2021/documents?fromDate=20210121&toDate=20210130&IncludeLines=True,1,1,0,0,0,26958.0,26958,1360,2026-09-09T23:55:34.568031Z,2026-09-09T23:55:34.568031Z
2026-09-09,mega-loja,/2021/documents?fromDate=20210131&toDate=20210208&IncludeLines=True,1,1,0,0,0,25339.0,25339,1275,2026-09-09T23:56:03.946082Z,2026-09-09T23:56:03.946082Z
2026-09-09,mega-loja,/2021/documents?fromDate=20210209&toDate=20210218&IncludeLines=True,1,1,0,0,0,26079.0,26079,1314,2026-09-09T23:56:30.658030Z,2026-09-09T23:56:30.658030Z
2026-09-09,mega-loja,/2021/documents?fromDate=20210219&toDate=20210226&IncludeLines=True,1,1,0,0,0,25673.0,25673,1304,2026-09-09T23:56:58.070915Z,2026-09-09T23:56:58.070915Z
2026-09-09,mega-loja,/2021/documents?fromDate=20210227&toDate=20210308&IncludeLines=True,1,1,0,0,0,26565.0,26565,1362,2026-09-09T23:57:25.022479Z,2026-09-09T23:57:25.022479Z
2026-09-09,mega-loja,/2021/documents?fromDate=20210309&toDate=20210318&IncludeLines=True,1,1,0,0,0,27184.0,27184,1383,2026-09-09T23:57:52.915381Z,2026-09-09T23:57:52.915381Z
2026-09-09,mega-loja,/2021/documents?fromDate=20210319&toDate=20210328&IncludeLines=True,1,1,0,0,0,27221.0,27221,1379,2026-09-09T23:58:21.381253Z,2026-09-09T23:58:21.381253Z
2026-09-09,mega-loja,/2021/documents?fromDate=20210329&toDate=20210407&IncludeLines=True,1,1,0,0,0,26794.0,26794,1355,2026-09-09T23:58:49.955231Z,2026-09-09T23:58:49.955231Z
2026-09-09,mega-loja,/2021/documents?fromDate=20210408&toDate=20210416&IncludeLines=True,1,1,0,0,0,26238.0,26238,1277,2026-09-09T23:59:18.081933Z,2026-09-09T23:59:18.081933Z
2026-09-09,mega-loja,/2021/documents?fromDate=20210417&toDate=20210425&IncludeLines=True,1,1,0,0,0,27124.0,27124,1350,2026-09-09T23:59:45.617548Z,2026-09-09T23:59:45.617548Z
2026-09-09,mega-loja,:444/2020/documents,1,1,0,0,0,8450.0,8450,14684,2026-09-09T12:28:03.629704Z,2026-09-09T12:28:03.629704Z
2026-09-09,mega-loja,:444/2021/documents,1,1,0,0,0,11380.0,11380,17328,2026-09-09T12:28:16.004698Z,2026-09-09T12:28:16.004698Z
2026-09-09,mega-loja,:444/2022/documents,1,1,0,0,0,10381.0,10381,16365,2026-09-09T12:28:31.764100Z,2026-09-09T12:28:31.764100Z
2026-09-09,mega-loja,:444/2023/documents,1,1,0,0,0,9657.0,9657,15434,2026-09-09T12:28:46.354053Z,2026-09-09T12:28:46.354053Z
2026-09-09,mega-loja,:444/2024/documents,1,1,0,0,0,11761.0,11761,18435,2026-09-09T12:28:59.915970Z,2026-09-09T12:28:59.915970Z
2026-09-09,mega-loja,:444/2025/documents,3,3,0,0,0,11359.0,11518,56547,2026-09-09T12:27:12.440465Z,2026-09-09T12:29:15.774281Z
2026-09-09,mega-loja,:444/2026/documents?fromDate=20260826,4,4,0,0,0,2483.0,2841,3692,2026-09-09T12:36:38.383007Z,2026-09-09T12:41:36.507226Z
2026-09-09,mega-loja,:444/2026/partners/customers,4,4,0,0,0,10645.0,11217,129856,2026-09-09T12:36:46.766643Z,2026-09-09T12:41:39.025215Z
2026-09-09,mega-loja,:444/2026/partners/suppliers,3,3,0,0,0,7843.0,7986,1890,2026-09-09T12:36:58.121510Z,2026-09-09T12:41:51.033195Z
2026-09-09,mega-loja,/documents,289,289,0,0,0,15019.0,78614,66034,2026-09-09T00:05:21.564504Z,2026-09-09T00:13:45.541682Z
2026-09-09,mega-loja,/documents?fromDate=20260101,11,11,0,0,0,84043.0,101206,707171,2026-09-09T08:10:02.630465Z,2026-09-09T18:10:02.680047Z
2026-09-09,mega-loja,/partners/customers,1,1,0,0,0,9778.0,9778,33730,2026-09-09T00:05:03.079834Z,2026-09-09T00:05:03.079834Z
2026-09-09,mega-loja,/partners/suppliers,1,1,0,0,0,4986.0,4986,798,2026-09-09T00:05:16.512289Z,2026-09-09T00:05:16.512289Z
2026-09-09,mega-loja,/products,1,1,0,0,0,26495.0,26495,22288,2026-09-09T00:13:56.593531Z,2026-09-09T00:13:56.593531Z
2026-09-09,mega-loja,/products?code={code}&warehouse=1,18451,18282,169,169,0,592.0,6288,,2026-09-09T00:14:24.779000Z,2026-09-09T00:41:43.201465Z
2026-09-09,mega-loja,/products?code={code}&warehouse=10,18451,12562,5889,5889,0,592.0,6100,,2026-09-09T00:14:24.779728Z,2026-09-09T00:41:43.202176Z
2026-09-10,mega-loja,/2021/documents?fromDate=20210426&toDate=20210503&IncludeLines=True,1,1,0,0,0,27257.0,27257,1312,2026-09-10T00:00:14.514435Z,2026-09-10T00:00:14.514435Z
2026-09-10,mega-loja,/2021/documents?fromDate=20210504&toDate=20210512&IncludeLines=True,1,1,0,0,0,27434.0,27434,1373,2026-09-10T00:00:43.217594Z,2026-09-10T00:00:43.217594Z
2026-09-10,mega-loja,/2021/documents?fromDate=20210513&toDate=20210521&IncludeLines=True,1,1,0,0,0,26109.0,26109,1293,2026-09-10T00:01:12.484037Z,2026-09-10T00:01:12.484037Z
2026-09-10,mega-loja,/2021/documents?fromDate=20210522&toDate=20210530&IncludeLines=True,1,1,0,0,0,27907.0,27907,1359,2026-09-10T00:01:40.149379Z,2026-09-10T00:01:40.149379Z
2026-09-10,mega-loja,/2021/documents?fromDate=20210531&toDate=20210607&IncludeLines=True,1,1,0,0,0,28063.0,28063,1364,2026-09-10T00:02:09.449045Z,2026-09-10T00:02:09.449045Z
2026-09-10,mega-loja,/2021/documents?fromDate=20210608&toDate=20210614&IncludeLines=True,1,1,0,0,0,25423.0,25423,1258,2026-09-10T00:02:39.953777Z,2026-09-10T00:02:39.953777Z
2026-09-10,mega-loja,/2021/documents?fromDate=20210615&toDate=20210621&IncludeLines=True,1,1,0,0,0,27785.0,27785,1351,2026-09-10T00:03:06.703912Z,2026-09-10T00:03:06.703912Z
2026-09-10,mega-loja,/2021/documents?fromDate=20210622&toDate=20210629&IncludeLines=True,1,1,0,0,0,27027.0,27027,1364,2026-09-10T00:03:35.787368Z,2026-09-10T00:03:35.787368Z
2026-09-10,mega-loja,/2021/documents?fromDate=20210630&toDate=20210707&IncludeLines=True,1,1,0,0,0,27364.0,27364,1366,2026-09-10T00:04:04.587693Z,2026-09-10T00:04:04.587693Z
2026-09-10,mega-loja,/2021/documents?fromDate=20210708&toDate=20210715&IncludeLines=True,1,1,0,0,0,26943.0,26943,1307,2026-09-10T00:04:33.267230Z,2026-09-10T00:04:33.267230Z
2026-09-10,mega-loja,/2021/documents?fromDate=20210716&toDate=20210723&IncludeLines=True,1,1,0,0,0,27192.0,27192,1302,2026-09-10T00:05:01.609012Z,2026-09-10T00:05:01.609012Z
2026-09-10,mega-loja,/2021/documents?fromDate=20210724&toDate=20210731&IncludeLines=True,1,1,0,0,0,26956.0,26956,1330,2026-09-10T00:05:30.140422Z,2026-09-10T00:05:30.140422Z
2026-09-10,mega-loja,/2021/documents?fromDate=20210801&toDate=20210808&IncludeLines=True,1,1,0,0,0,26787.0,26787,1324,2026-09-10T00:05:58.397584Z,2026-09-10T00:05:58.397584Z
2026-09-10,mega-loja,/2021/documents?fromDate=20210809&toDate=20210815&IncludeLines=True,1,1,0,0,0,25593.0,25593,1256,2026-09-10T00:06:26.483240Z,2026-09-10T00:06:26.483240Z
2026-09-10,mega-loja,/2021/documents?fromDate=20210816&toDate=20210824&IncludeLines=True,1,1,0,0,0,36981.0,36981,1301,2026-09-10T00:06:53.381007Z,2026-09-10T00:06:53.381007Z
2026-09-10,mega-loja,/2021/documents?fromDate=20210825&toDate=20210901&IncludeLines=True,1,1,0,0,0,49954.0,49954,1233,2026-09-10T00:07:31.883641Z,2026-09-10T00:07:31.883641Z
2026-09-10,mega-loja,/2021/documents?fromDate=20210902&toDate=20210910&IncludeLines=True,1,1,0,0,0,48271.0,48271,1396,2026-09-10T00:08:23.119653Z,2026-09-10T00:08:23.119653Z
2026-09-10,mega-loja,/2021/documents?fromDate=20210911&toDate=20210920&IncludeLines=True,1,1,0,0,0,42490.0,42490,1243,2026-09-10T00:09:13.227704Z,2026-09-10T00:09:13.227704Z
2026-09-10,mega-loja,/2021/documents?fromDate=20210921&toDate=20210929&IncludeLines=True,1,1,0,0,0,49767.0,49767,1280,2026-09-10T00:09:57.428834Z,2026-09-10T00:09:57.428834Z
2026-09-10,mega-loja,/2021/documents?fromDate=20210930&toDate=20211008&IncludeLines=True,1,1,0,0,0,48765.0,48765,1313,2026-09-10T00:10:48.540489Z,2026-09-10T00:10:48.540489Z
2026-09-10,mega-loja,/2021/documents?fromDate=20211009&toDate=20211018&IncludeLines=True,1,1,0,0,0,47107.0,47107,1253,2026-09-10T00:11:38.771148Z,2026-09-10T00:11:38.771148Z
2026-09-10,mega-loja,/2021/documents?fromDate=20211019&toDate=20211028&IncludeLines=True,1,1,0,0,0,47997.0,47997,1328,2026-09-10T00:12:27.158063Z,2026-09-10T00:12:27.158063Z
2026-09-10,mega-loja,/2021/documents?fromDate=20211029&toDate=20211107&IncludeLines=True,1,1,0,0,0,41766.0,41766,1278,2026-09-10T00:13:16.488627Z,2026-09-10T00:13:16.488627Z
2026-09-10,mega-loja,/2021/documents?fromDate=20211108&toDate=20211117&IncludeLines=True,1,1,0,0,0,28659.0,28659,1363,2026-09-10T00:13:59.537279Z,2026-09-10T00:13:59.537279Z
2026-09-10,mega-loja,/2021/documents?fromDate=20211118&toDate=20211127&IncludeLines=True,1,1,0,0,0,28906.0,28906,1369,2026-09-10T00:14:29.704002Z,2026-09-10T00:14:29.704002Z
2026-09-10,mega-loja,/2021/documents?fromDate=20211128&toDate=20211207&IncludeLines=True,1,1,0,0,0,29757.0,29757,1394,2026-09-10T00:15:00.063009Z,2026-09-10T00:15:00.063009Z
2026-09-10,mega-loja,/2021/documents?fromDate=20211208&toDate=20211216&IncludeLines=True,1,1,0,0,0,26767.0,26767,1243,2026-09-10T00:15:31.425441Z,2026-09-10T00:15:31.425441Z
2026-09-10,mega-loja,/2021/documents?fromDate=20211217&toDate=20211228&IncludeLines=True,1,1,0,0,0,30714.0,30714,1329,2026-09-10T00:15:59.620695Z,2026-09-10T00:15:59.620695Z
2026-09-10,mega-loja,/2021/documents?fromDate=20211229&toDate=20211231&IncludeLines=True,1,1,0,0,0,12107.0,12107,398,2026-09-10T00:16:31.859749Z,2026-09-10T00:16:31.859749Z
2026-09-10,mega-loja,/2022/documents?fromDate=20180118&toDate=20180118&IncludeLines=True,1,1,0,0,0,12685.0,12685,1,2026-09-10T00:16:45.198160Z,2026-09-10T00:16:45.198160Z
2026-09-10,mega-loja,/2022/documents?fromDate=20180912&toDate=20181009&IncludeLines=True,1,1,0,0,0,6689.0,6689,4,2026-09-10T00:16:58.900040Z,2026-09-10T00:16:58.900040Z
2026-09-10,mega-loja,/2022/documents?fromDate=20181219&toDate=20190306&IncludeLines=True,1,1,0,0,0,4868.0,4868,6,2026-09-10T00:17:06.803822Z,2026-09-10T00:17:06.803822Z
2026-09-10,mega-loja,/2022/documents?fromDate=20190330&toDate=20190606&IncludeLines=True,1,1,0,0,0,6700.0,6700,6,2026-09-10T00:17:12.693360Z,2026-09-10T00:17:12.693360Z
2026-09-10,mega-loja,/2022/documents?fromDate=20190717&toDate=20190919&IncludeLines=True,1,1,0,0,0,5271.0,5271,3,2026-09-10T00:17:20.423607Z,2026-09-10T00:17:20.423607Z
2026-09-10,mega-loja,/2022/documents?fromDate=20191022&toDate=20200107&IncludeLines=True,1,1,0,0,0,4899.0,4899,10,2026-09-10T00:17:26.726011Z,2026-09-10T00:17:26.726011Z
2026-09-10,mega-loja,/2022/documents?fromDate=20200120&toDate=20200413&IncludeLines=True,1,1,0,0,0,5050.0,5050,18,2026-09-10T00:17:32.654140Z,2026-09-10T00:17:32.654140Z
2026-09-10,mega-loja,/2022/documents?fromDate=20200420&toDate=20200717&IncludeLines=True,1,1,0,0,0,8982.0,8982,26,2026-09-10T00:17:38.733135Z,2026-09-10T00:17:38.733135Z
2026-09-10,mega-loja,/2022/documents?fromDate=20200720&toDate=20201015&IncludeLines=True,1,1,0,0,0,7237.0,7237,23,2026-09-10T00:17:48.742837Z,2026-09-10T00:17:48.742837Z
2026-09-10,mega-loja,/2022/documents?fromDate=20201022&toDate=20210113&IncludeLines=True,1,1,0,0,0,7514.0,7514,48,2026-09-10T00:17:57.006503Z,2026-09-10T00:17:57.006503Z
2026-09-10,mega-loja,/2022/documents?fromDate=20210120&toDate=20210418&IncludeLines=True,1,1,0,0,0,6243.0,6243,51,2026-09-10T00:18:05.547036Z,2026-09-10T00:18:05.547036Z
2026-09-10,mega-loja,/2022/documents?fromDate=20210420&toDate=20210715&IncludeLines=True,1,1,0,0,0,8546.0,8546,112,2026-09-10T00:18:12.816615Z,2026-09-10T00:18:12.816615Z
2026-09-10,mega-loja,/2022/documents?fromDate=20210720&toDate=20211017&IncludeLines=True,1,1,0,0,0,7717.0,7717,171,2026-09-10T00:18:22.463993Z,2026-09-10T00:18:22.463993Z
2026-09-10,mega-loja,/2022/documents?fromDate=20211018&toDate=20220109&IncludeLines=True,1,1,0,0,0,34429.0,34429,1353,2026-09-10T00:18:31.426772Z,2026-09-10T00:18:31.426772Z
2026-09-10,mega-loja,/2022/documents?fromDate=20220110&toDate=20220119&IncludeLines=True,1,1,0,0,0,30822.0,30822,1365,2026-09-10T00:19:08.494578Z,2026-09-10T00:19:08.494578Z
2026-09-10,mega-loja,/2022/documents?fromDate=20220120&toDate=20220129&IncludeLines=True,1,1,0,0,0,31073.0,31073,1349,2026-09-10T00:19:40.636715Z,2026-09-10T00:19:40.636715Z
2026-09-10,mega-loja,/2022/documents?fromDate=20220130&toDate=20220208&IncludeLines=True,1,1,0,0,0,32222.0,32222,1379,2026-09-10T00:20:13.136432Z,2026-09-10T00:20:13.136432Z
2026-09-10,mega-loja,/2022/documents?fromDate=20220209&toDate=20220218&IncludeLines=True,1,1,0,0,0,29838.0,29838,1326,2026-09-10T00:20:46.987063Z,2026-09-10T00:20:46.987063Z
2026-09-10,mega-loja,/2022/documents?fromDate=20220219&toDate=20220228&IncludeLines=True,1,1,0,0,0,28103.0,28103,1253,2026-09-10T00:21:18.298424Z,2026-09-10T00:21:18.298424Z
2026-09-10,mega-loja,/2022/documents?fromDate=20220301&toDate=20220309&IncludeLines=True,1,1,0,0,0,31499.0,31499,1341,2026-09-10T00:21:47.844959Z,2026-09-10T00:21:47.844959Z
2026-09-10,mega-loja,/2022/documents?fromDate=20220310&toDate=20220318&IncludeLines=True,1,1,0,0,0,29733.0,29733,1248,2026-09-10T00:22:20.836568Z,2026-09-10T00:22:20.836568Z
2026-09-10,mega-loja,/2022/documents?fromDate=20220319&toDate=20220327&IncludeLines=True,1,1,0,0,0,27985.0,27985,1264,2026-09-10T00:22:52.030955Z,2026-09-10T00:22:52.030955Z
2026-09-10,mega-loja,/2022/documents?fromDate=20220328&toDate=20220404&IncludeLines=True,1,1,0,0,0,27774.0,27774,1272,2026-09-10T00:23:21.397720Z,2026-09-10T00:23:21.397720Z
2026-09-10,mega-loja,/2022/documents?fromDate=20220405&toDate=20220412&IncludeLines=True,1,1,0,0,0,29434.0,29434,1274,2026-09-10T00:23:50.489034Z,2026-09-10T00:23:50.489034Z
2026-09-10,mega-loja,/2022/documents?fromDate=20220413&toDate=20220422&IncludeLines=True,1,1,0,0,0,31822.0,31822,1391,2026-09-10T00:24:21.328678Z,2026-09-10T00:24:21.328678Z
2026-09-10,mega-loja,/2022/documents?fromDate=20220423&toDate=20220502&IncludeLines=True,1,1,0,0,0,30960.0,30960,1358,2026-09-10T00:24:54.767683Z,2026-09-10T00:24:54.767683Z
2026-09-10,mega-loja,/2022/documents?fromDate=20220503&toDate=20220510&IncludeLines=True,1,1,0,0,0,28361.0,28361,1248,2026-09-10T00:25:27.062028Z,2026-09-10T00:25:27.062028Z
2026-09-10,mega-loja,/2022/documents?fromDate=20220511&toDate=20220518&IncludeLines=True,1,1,0,0,0,30187.0,30187,1298,2026-09-10T00:25:56.746241Z,2026-09-10T00:25:56.746241Z
2026-09-10,mega-loja,/2022/documents?fromDate=20220519&toDate=20220527&IncludeLines=True,1,1,0,0,0,29868.0,29868,1378,2026-09-10T00:26:28.243249Z,2026-09-10T00:26:28.243249Z
2026-09-10,mega-loja,/2022/documents?fromDate=20220528&toDate=20220605&IncludeLines=True,1,1,0,0,0,28539.0,28539,1318,2026-09-10T00:26:59.492059Z,2026-09-10T00:26:59.492059Z
2026-09-10,mega-loja,/2022/documents?fromDate=20220606&toDate=20220614&IncludeLines=True,1,1,0,0,0,29019.0,29019,1304,2026-09-10T00:27:29.431759Z,2026-09-10T00:27:29.431759Z
2026-09-10,mega-loja,/2022/documents?fromDate=20220615&toDate=20220624&IncludeLines=True,1,1,0,0,0,29860.0,29860,1374,2026-09-10T00:27:59.794652Z,2026-09-10T00:27:59.794652Z
2026-09-10,mega-loja,/2022/documents?fromDate=20220625&toDate=20220702&IncludeLines=True,1,1,0,0,0,29824.0,29824,1364,2026-09-10T00:28:31.037746Z,2026-09-10T00:28:31.037746Z
2026-09-10,mega-loja,/2022/documents?fromDate=20220703&toDate=20220711&IncludeLines=True,1,1,0,0,0,29340.0,29340,1321,2026-09-10T00:29:02.216005Z,2026-09-10T00:29:02.216005Z
2026-09-10,mega-loja,/2022/documents?fromDate=20220712&toDate=20220719&IncludeLines=True,1,1,0,0,0,29568.0,29568,1291,2026-09-10T00:29:32.932622Z,2026-09-10T00:29:32.932622Z
2026-09-10,mega-loja,/2022/documents?fromDate=20220720&toDate=20220728&IncludeLines=True,1,1,0,0,0,31745.0,31745,1372,2026-09-10T00:30:05.574514Z,2026-09-10T00:30:05.574514Z
2026-09-10,mega-loja,/2022/documents?fromDate=20220729&toDate=20220807&IncludeLines=True,1,1,0,0,0,31048.0,31048,1355,2026-09-10T00:30:39.159134Z,2026-09-10T00:30:39.159134Z
2026-09-10,mega-loja,/2022/documents?fromDate=20220808&toDate=20220817&IncludeLines=True,1,1,0,0,0,58680.0,58680,1383,2026-09-10T00:31:11.656701Z,2026-09-10T00:31:11.656701Z
2026-09-10,mega-loja,/2022/documents?fromDate=20220818&toDate=20220826&IncludeLines=True,1,1,0,0,0,29406.0,29406,1301,2026-09-10T00:32:11.806745Z,2026-09-10T00:32:11.806745Z
2026-09-10,mega-loja,/2022/documents?fromDate=20220827&toDate=20220905&IncludeLines=True,1,1,0,0,0,31256.0,31256,1348,2026-09-10T00:32:42.509004Z,2026-09-10T00:32:42.509004Z
2026-09-10,mega-loja,/2022/documents?fromDate=20220906&toDate=20220914&IncludeLines=True,1,1,0,0,0,29871.0,29871,1312,2026-09-10T00:33:15.068036Z,2026-09-10T00:33:15.068036Z
2026-09-10,mega-loja,/2022/documents?fromDate=20220915&toDate=20220925&IncludeLines=True,1,1,0,0,0,31012.0,31012,1384,2026-09-10T00:33:46.313177Z,2026-09-10T00:33:46.313177Z
2026-09-10,mega-loja,/2022/documents?fromDate=20220926&toDate=20221005&IncludeLines=True,1,1,0,0,0,32002.0,32002,1364,2026-09-10T00:34:18.728445Z,2026-09-10T00:34:18.728445Z
2026-09-10,mega-loja,/2022/documents?fromDate=20221006&toDate=20221015&IncludeLines=True,1,1,0,0,0,33049.0,33049,1393,2026-09-10T00:34:52.037302Z,2026-09-10T00:34:52.037302Z
2026-09-10,mega-loja,/2022/documents?fromDate=20221016&toDate=20221024&IncludeLines=True,1,1,0,0,0,31233.0,31233,1366,2026-09-10T00:35:26.457506Z,2026-09-10T00:35:26.457506Z
2026-09-10,mega-loja,/2022/documents?fromDate=20221025&toDate=20221102&IncludeLines=True,1,1,0,0,0,30277.0,30277,1344,2026-09-10T00:35:59.049704Z,2026-09-10T00:35:59.049704Z
2026-09-10,mega-loja,/2022/documents?fromDate=20221103&toDate=20221110&IncludeLines=True,1,1,0,0,0,29968.0,29968,1322,2026-09-10T00:36:30.629504Z,2026-09-10T00:36:30.629504Z
2026-09-10,mega-loja,/2022/documents?fromDate=20221111&toDate=20221119&IncludeLines=True,1,1,0,0,0,32460.0,32460,1392,2026-09-10T00:37:01.936480Z,2026-09-10T00:37:01.936480Z
2026-09-10,mega-loja,/2022/documents?fromDate=20221120&toDate=20221128&IncludeLines=True,1,1,0,0,0,30851.0,30851,1399,2026-09-10T00:37:35.728482Z,2026-09-10T00:37:35.728482Z
2026-09-10,mega-loja,/2022/documents?fromDate=20221129&toDate=20221206&IncludeLines=True,1,1,0,0,0,29300.0,29300,1289,2026-09-10T00:38:07.907717Z,2026-09-10T00:38:07.907717Z
2026-09-10,mega-loja,/2022/documents?fromDate=20221207&toDate=20221215&IncludeLines=True,1,1,0,0,0,32029.0,32029,1329,2026-09-10T00:38:38.511225Z,2026-09-10T00:38:38.511225Z
2026-09-10,mega-loja,/2022/documents?fromDate=20221216&toDate=20221227&IncludeLines=True,1,1,0,0,0,30287.0,30287,1306,2026-09-10T00:39:11.854031Z,2026-09-10T00:39:11.854031Z
2026-09-10,mega-loja,/2022/documents?fromDate=20221228&toDate=20221231&IncludeLines=True,1,1,0,0,0,18397.0,18397,632,2026-09-10T00:39:43.496264Z,2026-09-10T00:39:43.496264Z
2026-09-10,mega-loja,/2023/documents?fromDate=20180118&toDate=20180118&IncludeLines=True,1,1,0,0,0,187187.0,187187,1,2026-09-10T00:40:04.179657Z,2026-09-10T00:40:04.179657Z
2026-09-10,mega-loja,/2023/documents?fromDate=20180912&toDate=20181009&IncludeLines=True,1,1,0,0,0,10175.0,10175,3,2026-09-10T00:43:12.380425Z,2026-09-10T00:43:12.380425Z
2026-09-10,mega-loja,/2023/documents?fromDate=20181219&toDate=20190306&IncludeLines=True,1,1,0,0,0,5883.0,5883,4,2026-09-10T00:43:23.570260Z,2026-09-10T00:43:23.570260Z
2026-09-10,mega-loja,/2023/documents?fromDate=20190330&toDate=20190606&IncludeLines=True,1,1,0,0,0,5970.0,5970,4,2026-09-10T00:43:30.468027Z,2026-09-10T00:43:30.468027Z
2026-09-10,mega-loja,/2023/documents?fromDate=20190820&toDate=20191108&IncludeLines=True,1,1,0,0,0,5227.0,5227,5,2026-09-10T00:43:37.477472Z,2026-09-10T00:43:37.477472Z
2026-09-10,mega-loja,/2023/documents?fromDate=20191204&toDate=20200227&IncludeLines=True,1,1,0,0,0,5627.0,5627,7,2026-09-10T00:43:43.719274Z,2026-09-10T00:43:43.719274Z
2026-09-10,mega-loja,/2023/documents?fromDate=20200310&toDate=20200607&IncludeLines=True,1,1,0,0,0,7363.0,7363,11,2026-09-10T00:43:50.361585Z,2026-09-10T00:43:50.361585Z
2026-09-10,mega-loja,/2023/documents?fromDate=20200610&toDate=20200903&IncludeLines=True,1,1,0,0,0,7462.0,7462,10,2026-09-10T00:43:58.740114Z,2026-09-10T00:43:58.740114Z
2026-09-10,mega-loja,/2023/documents?fromDate=20200908&toDate=20201203&IncludeLines=True,1,1,0,0,0,7425.0,7425,13,2026-09-10T00:44:07.274327Z,2026-09-10T00:44:07.274327Z
2026-09-10,mega-loja,/2023/documents?fromDate=20201217&toDate=20210314&IncludeLines=True,1,1,0,0,0,7269.0,7269,19,2026-09-10T00:44:15.715978Z,2026-09-10T00:44:15.715978Z
2026-09-10,mega-loja,/2023/documents?fromDate=20210317&toDate=20210614&IncludeLines=True,1,1,0,0,0,7784.0,7784,31,2026-09-10T00:44:24.001194Z,2026-09-10T00:44:24.001194Z
2026-09-10,mega-loja,/2023/documents?fromDate=20210615&toDate=20210912&IncludeLines=True,1,1,0,0,0,7636.0,7636,44,2026-09-10T00:44:32.802531Z,2026-09-10T00:44:32.802531Z
2026-09-10,mega-loja,/2023/documents?fromDate=20210913&toDate=20211210&IncludeLines=True,1,1,0,0,0,7271.0,7271,26,2026-09-10T00:44:41.458286Z,2026-09-10T00:44:41.458286Z
2026-09-10,mega-loja,/2023/documents?fromDate=20211214&toDate=20220313&IncludeLines=True,1,1,0,0,0,7998.0,7998,54,2026-09-10T00:44:49.745237Z,2026-09-10T00:44:49.745237Z
2026-09-10,mega-loja,/2023/documents?fromDate=20220314&toDate=20220610&IncludeLines=True,1,1,0,0,0,8344.0,8344,74,2026-09-10T00:44:58.766147Z,2026-09-10T00:44:58.766147Z
2026-09-10,mega-loja,/2023/documents?fromDate=20220615&toDate=20220912&IncludeLines=True,1,1,0,0,0,8951.0,8951,104,2026-09-10T00:45:08.147913Z,2026-09-10T00:45:08.147913Z
2026-09-10,mega-loja,/2023/documents?fromDate=20220913&toDate=20221210&IncludeLines=True,1,1,0,0,0,13643.0,13643,362,2026-09-10T00:45:18.124389Z,2026-09-10T00:45:18.124389Z
2026-09-10,mega-loja,/2023/documents?fromDate=20221212&toDate=20230110&IncludeLines=True,1,1,0,0,0,40247.0,40247,1393,2026-09-10T00:45:32.819956Z,2026-09-10T00:45:32.819956Z
2026-09-10,mega-loja,/2023/documents?fromDate=20230111&toDate=20230120&IncludeLines=True,1,1,0,0,0,33071.0,33071,1339,2026-09-10T00:46:15.024031Z,2026-09-10T00:46:15.024031Z
2026-09-10,mega-loja,/2023/documents?fromDate=20230121&toDate=20230130&IncludeLines=True,1,1,0,0,0,38985.0,38985,1290,2026-09-10T00:46:49.372481Z,2026-09-10T00:46:49.372481Z
2026-09-10,mega-loja,/2023/documents?fromDate=20230131&toDate=20230208&IncludeLines=True,1,1,0,0,0,39504.0,39504,1372,2026-09-10T00:47:29.647165Z,2026-09-10T00:47:29.647165Z
2026-09-10,mega-loja,/2023/documents?fromDate=20230209&toDate=20230216&IncludeLines=True,1,1,0,0,0,40740.0,40740,1277,2026-09-10T00:48:10.490144Z,2026-09-10T00:48:10.490144Z
2026-09-10,mega-loja,/2023/documents?fromDate=20230217&toDate=20230226&IncludeLines=True,1,1,0,0,0,36633.0,36633,1247,2026-09-10T00:48:52.515705Z,2026-09-10T00:48:52.515705Z
2026-09-10,mega-loja,/2023/documents?fromDate=20230227&toDate=20230306&IncludeLines=True,1,1,0,0,0,30396.0,30396,1222,2026-09-10T00:49:30.415813Z,2026-09-10T00:49:30.415813Z
2026-09-10,mega-loja,/2023/documents?fromDate=20230307&toDate=20230315&IncludeLines=True,1,1,0,0,0,33038.0,33038,1325,2026-09-10T00:50:02.086308Z,2026-09-10T00:50:02.086308Z
2026-09-10,mega-loja,/2023/documents?fromDate=20230316&toDate=20230324&IncludeLines=True,1,1,0,0,0,31820.0,31820,1276,2026-09-10T00:50:36.421642Z,2026-09-10T00:50:36.421642Z
2026-09-10,mega-loja,/2023/documents?fromDate=20230325&toDate=20230402&IncludeLines=True,1,1,0,0,0,32492.0,32492,1323,2026-09-10T00:51:09.543424Z,2026-09-10T00:51:09.543424Z
2026-09-10,mega-loja,/2023/documents?fromDate=20230403&toDate=20230412&IncludeLines=True,1,1,0,0,0,32704.0,32704,1290,2026-09-10T00:51:43.325724Z,2026-09-10T00:51:43.325724Z
2026-09-10,mega-loja,/2023/documents?fromDate=20230413&toDate=20230420&IncludeLines=True,1,1,0,0,0,32619.0,32619,1316,2026-09-10T00:52:17.337412Z,2026-09-10T00:52:17.337412Z
2026-09-10,mega-loja,/2023/documents?fromDate=20230421&toDate=20230429&IncludeLines=True,1,1,0,0,0,33385.0,33385,1350,2026-09-10T00:52:51.228906Z,2026-09-10T00:52:51.228906Z
2026-09-10,mega-loja,/2023/documents?fromDate=20230430&toDate=20230508&IncludeLines=True,1,1,0,0,0,33665.0,33665,1380,2026-09-10T00:53:25.905924Z,2026-09-10T00:53:25.905924Z
2026-09-10,mega-loja,/2023/documents?fromDate=20230509&toDate=20230516&IncludeLines=True,1,1,0,0,0,33337.0,33337,1335,2026-09-10T00:54:00.857336Z,2026-09-10T00:54:00.857336Z
2026-09-10,mega-loja,/2023/documents?fromDate=20230517&toDate=20230524&IncludeLines=True,1,1,0,0,0,34006.0,34006,1366,2026-09-10T00:54:35.534746Z,2026-09-10T00:54:35.534746Z
2026-09-10,mega-loja,/2023/documents?fromDate=20230525&toDate=20230601&IncludeLines=True,1,1,0,0,0,31505.0,31505,1258,2026-09-10T00:55:10.854451Z,2026-09-10T00:55:10.854451Z
2026-09-10,mega-loja,/2023/documents?fromDate=20230602&toDate=20230610&IncludeLines=True,1,1,0,0,0,34333.0,34333,1354,2026-09-10T00:55:43.626240Z,2026-09-10T00:55:43.626240Z
2026-09-10,mega-loja,/2023/documents?fromDate=20230611&toDate=20230618&IncludeLines=True,1,1,0,0,0,33867.0,33867,1367,2026-09-10T00:56:19.253054Z,2026-09-10T00:56:19.253054Z
2026-09-10,mega-loja,/2023/documents?fromDate=20230619&toDate=20230626&IncludeLines=True,1,1,0,0,0,31373.0,31373,1225,2026-09-10T00:56:54.441927Z,2026-09-10T00:56:54.441927Z
2026-09-10,mega-loja,/2023/documents?fromDate=20230627&toDate=20230704&IncludeLines=True,1,1,0,0,0,34287.0,34287,1379,2026-09-10T00:57:27.113179Z,2026-09-10T00:57:27.113179Z
2026-09-10,mega-loja,/2023/documents?fromDate=20230705&toDate=20230712&IncludeLines=True,1,1,0,0,0,33439.0,33439,1343,2026-09-10T00:58:02.721393Z,2026-09-10T00:58:02.721393Z
2026-09-10,mega-loja,/2023/documents?fromDate=20230713&toDate=20230720&IncludeLines=True,1,1,0,0,0,33376.0,33376,1339,2026-09-10T00:58:37.457287Z,2026-09-10T00:58:37.457287Z
2026-09-10,mega-loja,/2023/documents?fromDate=20230721&toDate=20230728&IncludeLines=True,1,1,0,0,0,32345.0,32345,1273,2026-09-10T00:59:12.171067Z,2026-09-10T00:59:12.171067Z
2026-09-10,mega-loja,/2023/documents?fromDate=20230729&toDate=20230805&IncludeLines=True,1,1,0,0,0,33531.0,33531,1336,2026-09-10T00:59:45.810807Z,2026-09-10T00:59:45.810807Z
2026-09-10,mega-loja,/2023/documents?fromDate=20230806&toDate=20230815&IncludeLines=True,1,1,0,0,0,32364.0,32364,1292,2026-09-10T01:00:21.337062Z,2026-09-10T01:00:21.337062Z
2026-09-10,mega-loja,/2023/documents?fromDate=20230816&toDate=20230824&IncludeLines=True,1,1,0,0,0,33807.0,33807,1342,2026-09-10T01:00:55.195416Z,2026-09-10T01:00:55.195416Z
2026-09-10,mega-loja,/2023/documents?fromDate=20230825&toDate=20230903&IncludeLines=True,1,1,0,0,0,34292.0,34292,1320,2026-09-10T01:01:30.582522Z,2026-09-10T01:01:30.582522Z
2026-09-10,mega-loja,/2023/documents?fromDate=20230904&toDate=20230912&IncludeLines=True,1,1,0,0,0,35319.0,35319,1385,2026-09-10T01:02:06.334981Z,2026-09-10T01:02:06.334981Z
2026-09-10,mega-loja,/2023/documents?fromDate=20230913&toDate=20230921&IncludeLines=True,1,1,0,0,0,34278.0,34278,1349,2026-09-10T01:02:43.017930Z,2026-09-10T01:02:43.017930Z
2026-09-10,mega-loja,/2023/documents?fromDate=20230922&toDate=20230929&IncludeLines=True,1,1,0,0,0,32996.0,32996,1274,2026-09-10T01:03:18.614968Z,2026-09-10T01:03:18.614968Z
2026-09-10,mega-loja,/2023/documents?fromDate=20230930&toDate=20231008&IncludeLines=True,1,1,0,0,0,34155.0,34155,1334,2026-09-10T01:03:52.948530Z,2026-09-10T01:03:52.948530Z
2026-09-10,mega-loja,/2023/documents?fromDate=20231009&toDate=20231016&IncludeLines=True,1,1,0,0,0,32828.0,32828,1279,2026-09-10T01:04:28.403683Z,2026-09-10T01:04:28.403683Z
2026-09-10,mega-loja,/2023/documents?fromDate=20231017&toDate=20231024&IncludeLines=True,1,1,0,0,0,34784.0,34784,1379,2026-09-10T01:05:02.554581Z,2026-09-10T01:05:02.554581Z
2026-09-10,mega-loja,/2023/documents?fromDate=20231025&toDate=20231101&IncludeLines=True,1,1,0,0,0,32419.0,32419,1268,2026-09-10T01:05:38.646272Z,2026-09-10T01:05:38.646272Z
2026-09-10,mega-loja,/2023/documents?fromDate=20231102&toDate=20231108&IncludeLines=True,1,1,0,0,0,33853.0,33853,1287,2026-09-10T01:06:12.361050Z,2026-09-10T01:06:12.361050Z
2026-09-10,mega-loja,/2023/documents?fromDate=20231109&toDate=20231115&IncludeLines=True,1,1,0,0,0,33322.0,33322,1295,2026-09-10T01:06:47.571420Z,2026-09-10T01:06:47.571420Z
2026-09-10,mega-loja,/2023/documents?fromDate=20231116&toDate=20231123&IncludeLines=True,1,1,0,0,0,35620.0,35620,1397,2026-09-10T01:07:22.217490Z,2026-09-10T01:07:22.217490Z
2026-09-10,mega-loja,/2023/documents?fromDate=20231124&toDate=20231130&IncludeLines=True,1,1,0,0,0,34341.0,34341,1351,2026-09-10T01:07:59.180218Z,2026-09-10T01:07:59.180218Z
2026-09-10,mega-loja,/2023/documents?fromDate=20231201&toDate=20231207&IncludeLines=True,1,1,0,0,0,35285.0,35285,1309,2026-09-10T01:08:34.895091Z,2026-09-10T01:08:34.895091Z
2026-09-10,mega-loja,/2023/documents?fromDate=20231208&toDate=20231215&IncludeLines=True,1,1,0,0,0,35530.0,35530,1386,2026-09-10T01:09:11.535450Z,2026-09-10T01:09:11.535450Z
2026-09-10,mega-loja,/2023/documents?fromDate=20231216&toDate=20231226&IncludeLines=True,1,1,0,0,0,36827.0,36827,1362,2026-09-10T01:09:48.405851Z,2026-09-10T01:09:48.405851Z
2026-09-10,mega-loja,/2023/documents?fromDate=20231227&toDate=20231231&IncludeLines=True,1,1,0,0,0,23039.0,23039,720,2026-09-10T01:10:26.618716Z,2026-09-10T01:10:26.618716Z
2026-09-10,mega-loja,/2024/documents?fromDate=20180912&toDate=20181009&IncludeLines=True,1,1,0,0,0,49166.0,49166,3,2026-09-10T01:10:50.974299Z,2026-09-10T01:10:50.974299Z
2026-09-10,mega-loja,/2024/documents?fromDate=20181219&toDate=20190306&IncludeLines=True,1,1,0,0,0,8263.0,8263,4,2026-09-10T01:11:41.156068Z,2026-09-10T01:11:41.156068Z
2026-09-10,mega-loja,/2024/documents?fromDate=20190330&toDate=20190503&IncludeLines=True,1,1,0,0,0,8069.0,8069,2,2026-09-10T01:11:50.433938Z,2026-09-10T01:11:50.433938Z
2026-09-10,mega-loja,/2024/documents?fromDate=20190820&toDate=20191107&IncludeLines=True,1,1,0,0,0,7977.0,7977,4,2026-09-10T01:11:59.516917Z,2026-09-10T01:11:59.516917Z
2026-09-10,mega-loja,/2024/documents?fromDate=20191204&toDate=20200120&IncludeLines=True,1,1,0,0,0,8008.0,8008,5,2026-09-10T01:12:08.508594Z,2026-09-10T01:12:08.508594Z
2026-09-10,mega-loja,/2024/documents?fromDate=20200310&toDate=20200607&IncludeLines=True,1,1,0,0,0,8147.0,8147,5,2026-09-10T01:12:17.533847Z,2026-09-10T01:12:17.533847Z
2026-09-10,mega-loja,/2024/documents?fromDate=20200610&toDate=20200903&IncludeLines=True,1,1,0,0,0,8134.0,8134,8,2026-09-10T01:12:26.700405Z,2026-09-10T01:12:26.700405Z
2026-09-10,mega-loja,/2024/documents?fromDate=20200908&toDate=20201202&IncludeLines=True,1,1,0,0,0,8210.0,8210,9,2026-09-10T01:12:35.852499Z,2026-09-10T01:12:35.852499Z
2026-09-10,mega-loja,/2024/documents?fromDate=20201218&toDate=20210317&IncludeLines=True,1,1,0,0,0,8405.0,8405,12,2026-09-10T01:12:45.080184Z,2026-09-10T01:12:45.080184Z
2026-09-10,mega-loja,/2024/documents?fromDate=20210414&toDate=20210709&IncludeLines=True,1,1,0,0,0,9122.0,9122,41,2026-09-10T01:12:54.508126Z,2026-09-10T01:12:54.508126Z
2026-09-10,mega-loja,/2024/documents?fromDate=20210720&toDate=20211015&IncludeLines=True,1,1,0,0,0,8496.0,8496,18,2026-09-10T01:13:04.657193Z,2026-09-10T01:13:04.657193Z
2026-09-10,mega-loja,/2024/documents?fromDate=20211106&toDate=20220131&IncludeLines=True,1,1,0,0,0,8345.0,8345,11,2026-09-10T01:13:14.173450Z,2026-09-10T01:13:14.173450Z
2026-09-10,mega-loja,/2024/documents?fromDate=20220209&toDate=20220509&IncludeLines=True,1,1,0,0,0,8509.0,8509,23,2026-09-10T01:13:23.535566Z,2026-09-10T01:13:23.535566Z
2026-09-10,mega-loja,/2024/documents?fromDate=20220513&toDate=20220810&IncludeLines=True,1,1,0,0,0,8262.0,8262,12,2026-09-10T01:13:33.064240Z,2026-09-10T01:13:33.064240Z
2026-09-10,mega-loja,/2024/documents?fromDate=20220812&toDate=20221109&IncludeLines=True,1,1,0,0,0,8461.0,8461,20,2026-09-10T01:13:42.343275Z,2026-09-10T01:13:42.343275Z
2026-09-10,mega-loja,/2024/documents?fromDate=20221115&toDate=20230206&IncludeLines=True,1,1,0,0,0,9080.0,9080,47,2026-09-10T01:13:51.823478Z,2026-09-10T01:13:51.823478Z
2026-09-10,mega-loja,/2024/documents?fromDate=20230213&toDate=20230513&IncludeLines=True,1,1,0,0,0,9678.0,9678,76,2026-09-10T01:14:01.925434Z,2026-09-10T01:14:01.925434Z
2026-09-10,mega-loja,/2024/documents?fromDate=20230517&toDate=20230814&IncludeLines=True,1,1,0,0,0,10580.0,10580,106,2026-09-10T01:14:12.626128Z,2026-09-10T01:14:12.626128Z
2026-09-10,mega-loja,/2024/documents?fromDate=20230816&toDate=20231113&IncludeLines=True,1,1,0,0,0,15104.0,15104,297,2026-09-10T01:14:24.233093Z,2026-09-10T01:14:24.233093Z
2026-09-10,mega-loja,/2024/documents?fromDate=20231114&toDate=20240107&IncludeLines=True,1,1,0,0,0,65303.0,65303,1312,2026-09-10T01:14:40.391850Z,2026-09-10T01:14:40.391850Z
2026-09-10,mega-loja,/2024/documents?fromDate=20240108&toDate=20240116&IncludeLines=True,1,1,0,0,0,43850.0,43850,1341,2026-09-10T01:15:47.791462Z,2026-09-10T01:15:47.791462Z
2026-09-10,mega-loja,/2024/documents?fromDate=20240117&toDate=20240125&IncludeLines=True,1,1,0,0,0,44073.0,44073,1317,2026-09-10T01:16:32.965927Z,2026-09-10T01:16:32.965927Z
2026-09-10,mega-loja,/2024/documents?fromDate=20240126&toDate=20240202&IncludeLines=True,1,1,0,0,0,45357.0,45357,1325,2026-09-10T01:17:18.357967Z,2026-09-10T01:17:18.357967Z
2026-09-10,mega-loja,/2024/documents?fromDate=20240203&toDate=20240212&IncludeLines=True,1,1,0,0,0,44526.0,44526,1350,2026-09-10T01:18:05.160117Z,2026-09-10T01:18:05.160117Z
2026-09-10,mega-loja,/2024/documents?fromDate=20240214&toDate=20240221&IncludeLines=True,1,1,0,0,0,41549.0,41549,1271,2026-09-10T01:18:51.015601Z,2026-09-10T01:18:51.015601Z
2026-09-10,mega-loja,/2024/documents?fromDate=20240222&toDate=20240229&IncludeLines=True,1,1,0,0,0,43959.0,43959,1305,2026-09-10T01:19:33.841357Z,2026-09-10T01:19:33.841357Z
2026-09-10,mega-loja,/2024/documents?fromDate=20240301&toDate=20240307&IncludeLines=True,1,1,0,0,0,41808.0,41808,1273,2026-09-10T01:20:19.201508Z,2026-09-10T01:20:19.201508Z
2026-09-10,mega-loja,/2024/documents?fromDate=20240308&toDate=20240315&IncludeLines=True,1,1,0,0,0,44875.0,44875,1344,2026-09-10T01:21:02.312202Z,2026-09-10T01:21:02.312202Z
2026-09-10,mega-loja,/2024/documents?fromDate=20240316&toDate=20240323&IncludeLines=True,1,1,0,0,0,44723.0,44723,1370,2026-09-10T01:21:48.514356Z,2026-09-10T01:21:48.514356Z
2026-09-10,mega-loja,/2024/documents?fromDate=20240324&toDate=20240401&IncludeLines=True,1,1,0,0,0,45046.0,45046,1371,2026-09-10T01:22:34.536812Z,2026-09-10T01:22:34.536812Z
2026-09-10,mega-loja,/2024/documents?fromDate=20240402&toDate=20240408&IncludeLines=True,1,1,0,0,0,41699.0,41699,1237,2026-09-10T01:23:20.885660Z,2026-09-10T01:23:20.885660Z
2026-09-10,mega-loja,/2024/documents?fromDate=20240409&toDate=20240416&IncludeLines=True,1,1,0,0,0,44401.0,44401,1358,2026-09-10T01:24:04.069189Z,2026-09-10T01:24:04.069189Z
2026-09-10,mega-loja,/2024/documents?fromDate=20240417&toDate=20240423&IncludeLines=True,1,1,0,0,0,42760.0,42760,1263,2026-09-10T01:24:49.769958Z,2026-09-10T01:24:49.769958Z
2026-09-10,mega-loja,/2024/documents?fromDate=20240424&toDate=20240501&IncludeLines=True,1,1,0,0,0,44890.0,44890,1366,2026-09-10T01:25:33.836044Z,2026-09-10T01:25:33.836044Z
2026-09-10,mega-loja,/2024/documents?fromDate=20240502&toDate=20240508&IncludeLines=True,1,1,0,0,0,42745.0,42745,1273,2026-09-10T01:26:20.044561Z,2026-09-10T01:26:20.044561Z
2026-09-10,mega-loja,/2024/documents?fromDate=20240509&toDate=20240515&IncludeLines=True,1,1,0,0,0,43503.0,43503,1302,2026-09-10T01:27:04.373319Z,2026-09-10T01:27:04.373319Z
2026-09-10,mega-loja,/2024/documents?fromDate=20240516&toDate=20240522&IncludeLines=True,1,1,0,0,0,42920.0,42920,1291,2026-09-10T01:27:49.191899Z,2026-09-10T01:27:49.191899Z
2026-09-10,mega-loja,/2024/documents?fromDate=20240523&toDate=20240530&IncludeLines=True,1,1,0,0,0,46445.0,46445,1397,2026-09-10T01:28:33.384331Z,2026-09-10T01:28:33.384331Z
2026-09-10,mega-loja,/2024/documents?fromDate=20240531&toDate=20240605&IncludeLines=True,1,1,0,0,0,44807.0,44807,1318,2026-09-10T01:29:21.150599Z,2026-09-10T01:29:21.150599Z
2026-09-10,mega-loja,:444/2026/documents?fromDate=20260827,1,1,0,0,0,5204.0,5204,858,2026-09-10T00:20:04.581274Z,2026-09-10T00:20:04.581274Z
2026-09-10,mega-loja,:444/2026/partners/customers,1,1,0,0,0,10183.0,10183,32464,2026-09-10T00:20:09.883602Z,2026-09-10T00:20:09.883602Z
2026-09-10,mega-loja,:444/2026/partners/suppliers,1,1,0,0,0,7025.0,7025,631,2026-09-10T00:20:23.646548Z,2026-09-10T00:20:23.646548Z
2026-09-10,mega-loja,/documents,224,224,0,0,0,18207.5,91712,66192,2026-09-10T00:05:24.692120Z,2026-09-10T00:13:49.291315Z
2026-09-10,mega-loja,/partners/customers,1,1,0,0,0,9931.0,9931,33731,2026-09-10T00:05:03.772941Z,2026-09-10T00:05:03.772941Z
2026-09-10,mega-loja,/partners/suppliers,1,1,0,0,0,6069.0,6069,799,2026-09-10T00:05:18.546798Z,2026-09-10T00:05:18.546798Z
2026-09-10,mega-loja,/products,1,1,0,0,0,27503.0,27503,22307,2026-09-10T00:13:57.022122Z,2026-09-10T00:13:57.022122Z
2026-09-10,mega-loja,/products?code={code}&warehouse=1,18484,18308,176,176,0,615.0,8836,,2026-09-10T00:14:26.145115Z,2026-09-10T00:43:51.066142Z
2026-09-10,mega-loja,/products?code={code}&warehouse=10,18484,12591,5893,5893,0,614.0,6785,,2026-09-10T00:14:26.145704Z,2026-09-10T00:43:51.066491Z
